vertex_id,distance
0,0.856189
1,0.936457
2,0.990000
3,1.032096
4,0.825505
5,0.747196
6,0.750027
7,1.080894
8,0.807431
9,0.931752
10,0.973740
11,0.935591
12,0.992558
13,1.139790
14,0.777179
15,0.745196
16,1.046142
17,0.980442
18,0.768378
19,1.127091
20,1.286232
21,0.808133
22,0.969694
23,0.967935
24,1.200128
25,0.959770
26,1.265499
27,1.247397
28,1.078357
29,0.837199
30,0.846894
31,1.002818
32,0.909557
33,1.154159
34,0.814879
35,1.313709
36,0.940300
37,1.172401
38,1.318336
39,0.744810
40,1.098510
41,0.936042
42,1.208993
43,1.412757
44,1.284126
45,1.570536
46,0.811270
47,0.961245
48,1.194236
49,1.019262
50,1.229617
51,0.855373
52,0.851020
53,0.804469
54,1.290787
55,1.504658
56,0.902863
57,1.319745
58,1.327551
59,1.255436
60,1.035670
61,0.898724
62,1.545059
63,1.448569
64,0.753394
65,0.898478
66,1.116508
67,1.519356
68,0.989417
69,1.470085
70,1.553218
71,1.309988
72,0.804059
73,0.816624
74,0.872189
75,1.181414
76,0.946267
77,1.508622
78,1.422404
79,1.534270
80,0.747654
81,0.774064
82,1.241169
83,1.328123
84,0.852805
85,1.512079
86,1.536438
87,0.761990
88,1.488790
89,1.536531
90,1.257127
91,1.025604
92,0.813206
93,1.510597
94,1.132806
95,1.255139
96,0.873907
97,1.606238
98,1.491526
99,1.051413
100,1.427421
101,1.370683
102,0.805657
103,1.115715
104,0.836186
105,0.858388
106,0.787341
107,1.595403
108,1.464998
109,1.568537
110,1.375553
111,0.779183
112,1.495040
113,0.829512
114,0.756304
115,1.227576
116,1.347159
117,1.578611
118,0.902184
119,1.010852
120,0.902403
121,1.527105
122,1.035642
123,1.323885
124,1.409034
125,1.466574
126,1.472411
127,1.333793
128,1.466880
129,1.069653
130,0.735214
131,1.602648
132,1.359073
133,0.969245
134,0.967643
135,1.405660
136,0.952011
137,0.981056
138,0.864006
139,1.289446
140,1.559992
141,1.308314
142,1.180266
143,0.816320
144,1.226335
145,1.279177
146,1.570131
147,1.333942
148,1.501074
149,1.054055
150,0.764924
151,1.340613
152,0.931398
153,1.270322
154,1.426731
155,0.940606
156,1.274849
157,1.596630
158,1.443008
159,1.245472
160,0.699964
161,1.361086
162,1.457333
163,1.237227
164,1.378590
165,1.568455
166,1.042916
167,1.090301
168,1.116668
169,0.950860
170,1.204124
171,1.013603
172,0.710857
173,0.967618
174,1.527936
175,1.521904
176,0.953754
177,1.276218
178,1.359283
179,1.215945
180,1.216413
181,1.432966
182,1.125780
183,0.859903
184,1.295228
185,1.471921
186,1.244963
187,1.562369
188,0.790644
189,0.917351
190,1.313836
191,1.212889
192,1.375891
193,1.095770
194,1.269102
195,1.411837
196,0.886093
197,0.755454
198,1.560902
199,0.951469
200,1.123427
201,1.101085
202,1.425792
203,1.351459
204,1.445486
205,1.313051
206,1.361388
207,1.537473
208,0.961460
209,1.217374
210,0.985749
211,1.312234
212,1.141644
213,1.197268
214,1.182741
215,1.106105
216,1.501102
217,0.692874
218,1.310506
219,0.724249
220,1.441867
221,0.949872
222,1.243923
223,1.296035
224,1.504781
225,1.401291
226,1.555843
227,1.374819
228,1.268092
229,1.232366
230,1.402067
231,0.898379
232,0.812161
233,1.393900
234,1.427036
235,1.284665
236,1.081288
237,0.916079
238,1.085094
239,1.591815
240,1.326344
241,1.440060
242,0.758315
243,1.343541
244,1.569031
245,1.385873
246,1.388540
247,1.374745
248,1.202385
249,1.266342
250,1.182129
251,0.762490
252,0.798515
253,1.318813
254,1.529149
255,1.333720
256,1.440795
257,1.358796
258,1.561835
259,1.217004
260,1.092912
261,1.146582
262,1.210694
263,1.299896
264,1.386076
265,1.505577
266,0.925071
267,1.654950
268,1.030358
269,1.417448
270,1.323149
271,0.895305
272,1.430139
273,1.385768
274,0.929403
275,1.502389
276,0.887197
277,1.226533
278,1.699476
279,1.430918
280,1.433515
281,1.117670
282,1.408631
283,1.402257
284,1.241576
285,1.436143
286,1.705676
287,1.047672
288,0.885642
289,1.223825
290,1.239264
291,1.409384
292,1.259197
293,1.136480
294,1.537351
295,1.583257
296,1.449810
297,1.697733
298,0.775854
299,1.073017
300,1.430313
301,1.018858
302,1.707735
303,1.423798
304,1.550172
305,1.356351
306,1.289657
307,1.144297
308,1.169518
309,1.352775
310,1.174166
311,1.068131
312,1.080715
313,1.812468
314,1.330200
315,1.417400
316,0.897207
317,1.475811
318,1.376377
319,1.699424
320,1.774575
321,1.867335
322,1.445808
323,1.149288
324,0.987921
325,1.244570
326,0.742571
327,1.394566
328,1.245213
329,1.002844
330,1.620387
331,1.578842
332,1.342246
333,1.148108
334,1.407438
335,1.315325
336,1.938661
337,1.721127
338,0.744008
339,1.872649
340,1.412726
341,1.403059
342,0.872145
343,0.998724
344,1.923675
345,1.133179
346,1.787711
347,1.167258
348,1.527825
349,0.893232
350,0.902623
351,1.116425
352,1.382378
353,1.459391
354,1.512926
355,1.070094
356,1.041475
357,1.384516
358,1.326567
359,0.943762
360,0.850578
361,1.201846
362,1.684732
363,1.372933
364,1.891070
365,1.991366
366,1.005933
367,0.778205
368,1.225646
369,1.693730
370,1.163367
371,1.373049
372,2.038057
373,1.398009
374,1.095984
375,1.440919
376,1.108773
377,1.817539
378,1.095033
379,1.406542
380,1.331540
381,1.822909
382,1.588703
383,1.343115
384,1.413842
385,2.030835
386,1.521030
387,1.281303
388,1.942853
389,0.760940
390,0.707836
391,1.730772
392,1.632114
393,0.656451
394,1.959456
395,1.561194
396,1.435704
397,1.011486
398,1.382822
399,1.029058
400,2.035576
401,1.106250
402,1.359359
403,1.110442
404,0.816780
405,0.516267
406,1.772960
407,1.018984
408,2.081274
409,0.942264
410,1.825165
411,1.295666
412,1.079914
413,1.301975
414,0.832843
415,1.435396
416,0.852302
417,1.899337
418,1.608030
419,1.577434
420,1.008695
421,1.576604
422,1.377671
423,1.344113
424,1.600719
425,1.318076
426,0.961580
427,1.975849
428,1.244300
429,2.059162
430,0.894526
431,2.069166
432,1.307408
433,1.335011
434,2.026660
435,1.670907
436,1.280139
437,1.351084
438,1.454352
439,1.032764
440,1.495537
441,1.865366
442,1.764074
443,1.072423
444,0.971370
445,1.320147
446,2.109241
447,1.587951
448,0.310700
449,1.583105
450,1.325083
451,0.598449
452,0.301482
453,1.766052
454,0.909883
455,1.682416
456,1.039192
457,1.061461
458,0.898513
459,0.629253
460,0.998735
461,1.146460
462,2.061055
463,2.032942
464,1.306478
465,1.268459
466,1.393837
467,1.333931
468,1.201339
469,1.619010
470,1.069363
471,1.795780
472,1.339272
473,1.330893
474,0.355070
475,2.114651
476,1.489214
477,1.013195
478,1.491040
479,1.330734
480,1.919401
481,1.419531
482,1.008656
483,1.943828
484,2.169148
485,1.091746
486,1.363002
487,1.205333
488,1.515914
489,2.073308
490,0.846799
491,1.017544
492,1.728528
493,2.180205
494,0.405538
495,0.669800
496,1.265178
497,2.100818
498,1.083324
499,1.778236
500,1.034328
501,1.642652
502,1.257492
503,1.346117
504,1.377320
505,1.048589
506,1.565933
507,1.356923
508,1.398377
509,2.274601
510,1.110061
511,1.315015
512,1.296166
513,1.427600
514,1.085181
515,2.286345
516,0.065270
517,2.122328
518,0.221102
519,1.181485
520,0.868457
521,1.448614
522,1.054945
523,1.993095
524,1.384997
525,1.248542
526,1.743974
527,0.961094
528,1.365235
529,0.257194
530,1.920972
531,2.283079
532,1.110884
533,1.084139
534,1.363929
535,1.355094
536,2.354681
537,1.525014
538,1.170713
539,1.098199
540,1.496611
541,1.425658
542,1.499760
543,2.384671
544,1.613378
545,1.045705
546,1.178955
547,1.179684
548,2.517660
549,1.101731
550,1.504742
551,1.652706
552,0.661247
553,2.255588
554,1.777916
555,1.115232
556,0.418429
557,1.150664
558,1.093838
559,1.458581
560,1.568010
561,2.576827
562,1.357778
563,2.110204
564,0.732123
565,1.073436
566,1.423199
567,0.242569
568,1.323324
569,1.143081
570,1.067097
571,2.315789
572,1.639225
573,1.170012
574,1.654739
575,1.214766
576,1.143165
577,2.589395
578,1.128983
579,1.507421
580,1.491835
581,1.272584
582,0.486543
583,1.576491
584,2.044882
585,1.995919
586,1.087205
587,1.148496
588,2.539755
589,1.097712
590,1.485818
591,1.548400
592,1.711734
593,0.925488
594,1.081584
595,2.773488
596,1.100614
597,0.179209
598,1.145250
599,1.149096
600,2.703521
601,1.484449
602,1.551748
603,1.051443
604,1.099123
605,1.271780
606,2.435962
607,0.317032
608,2.120514
609,1.497523
610,2.014102
611,2.588089
612,1.683618
613,1.212057
614,1.508737
615,2.834812
616,1.709881
617,1.708398
618,0.538725
619,1.249337
620,1.114925
621,2.052326
622,2.945001
623,1.619491
624,1.201161
625,0.878958
626,1.356296
627,1.258366
628,1.239321
629,1.249560
630,0.511252
631,2.005486
632,2.464036
633,1.185777
634,2.559083
635,1.472904
636,1.558930
637,1.202418
638,2.917408
639,1.292565
640,1.208820
641,1.623642
642,1.723995
643,2.244929
644,1.286412
645,1.219702
646,2.584716
647,1.126803
648,1.216343
649,3.056235
650,1.081385
651,0.699397
652,2.026301
653,2.914534
654,1.424109
655,1.706382
656,1.478461
657,1.331697
658,2.871076
659,1.164814
660,0.315725
661,2.907116
662,1.319830
663,1.686568
664,1.431631
665,0.828086
666,2.691858
667,1.186875
668,0.358074
669,2.370789
670,1.979951
671,1.643220
672,1.342552
673,1.297743
674,2.081562
675,1.318575
676,1.124574
677,1.896243
678,1.334653
679,3.257785
680,1.148450
681,1.760741
682,1.746737
683,3.289153
684,1.232067
685,2.366609
686,1.374467
687,3.090527
688,1.814247
689,1.335347
690,3.157186
691,0.476560
692,1.378544
693,3.292072
694,2.561543
695,1.195562
696,2.876936
697,0.879868
698,1.189478
699,1.733341
700,1.386117
701,3.406014
702,1.366901
703,2.731970
704,2.995145
705,1.399896
706,1.355537
707,1.373660
708,0.601589
709,1.385543
710,3.318195
711,1.557017
712,1.178914
713,1.360168
714,1.341038
715,1.244307
716,1.696678
717,1.003425
718,1.964718
719,1.226675
720,1.990892
721,3.476505
722,1.164144
723,1.712927
724,1.425398
725,1.229367
726,0.747001
727,3.305201
728,1.410546
729,2.384806
730,3.646798
731,1.882161
732,1.426662
733,1.381521
734,2.235935
735,1.417202
736,1.834578
737,0.434330
738,1.399851
739,1.140879
740,0.726187
741,3.613385
742,3.282844
743,1.160801
744,1.253640
745,2.818243
746,0.517090
747,3.606389
748,1.996289
749,1.437599
750,1.208273
751,3.698414
752,3.126167
753,3.190503
754,1.403696
755,3.816571
756,1.417980
757,1.392921
758,1.425402
759,2.742254
760,1.430303
761,1.441493
762,1.427171
763,3.906274
764,1.516367
765,0.484956
766,1.515170
767,0.990483
768,2.268993
769,1.660913
770,0.814886
771,1.842707
772,1.269888
773,1.771713
774,1.973850
775,3.525006
776,1.093507
777,1.967593
778,0.679683
779,1.483844
780,1.457677
781,3.546564
782,1.752558
783,1.483307
784,4.009340
785,3.708160
786,1.527146
787,2.754765
788,1.539527
789,0.875760
790,1.120450
791,1.077387
792,1.482118
793,0.502004
794,3.995814
795,4.030360
796,3.180059
797,0.736830
798,1.644585
799,2.070204
800,1.920204
801,2.503018
802,1.515186
803,1.040867
804,1.256039
805,3.849339
806,1.547920
807,1.508811
808,2.570064
809,4.000218
810,1.557362
811,1.597291
812,1.728869
813,3.503361
814,0.629545
815,1.619205
816,2.282071
817,1.476661
818,1.077500
819,3.281410
820,1.500231
821,4.236205
822,0.611822
823,1.514083
824,1.129229
825,1.256702
826,2.351588
827,1.747955
828,2.949359
829,4.264774
830,1.903688
831,1.907779
832,1.486533
833,1.547614
834,1.647175
835,3.123657
836,1.962891
837,1.547108
838,1.947122
839,3.651676
840,1.623920
841,3.834995
842,4.307165
843,0.963686
844,2.885800
845,0.463883
846,1.347686
847,4.010495
848,0.777993
849,1.352125
850,1.790620
851,4.384567
852,1.964005
853,0.510254
854,1.673811
855,1.719115
856,1.535279
857,1.092755
858,1.774535
859,4.243166
860,0.975263
861,3.466693
862,0.685816
863,0.941710
864,1.332858
865,1.170210
866,1.371463
867,0.897990
868,1.740770
869,1.877497
870,0.902553
871,4.015868
872,1.886728
873,2.750547
874,4.319671
875,1.482318
876,1.505578
877,3.337558
878,1.921206
879,3.777538
880,1.551779
881,1.673452
882,1.844614
883,2.471856
884,4.535006
885,1.989911
886,2.243639
887,3.397692
888,1.570485
889,0.715052
890,2.121614
891,1.959872
892,2.702318
893,4.515369
894,0.495381
895,1.745827
896,1.630885
897,3.114439
898,3.189868
899,0.933846
900,4.507674
901,1.728895
902,0.609546
903,2.036116
904,1.164129
905,1.726093
906,4.075461
907,1.114049
908,1.836696
909,3.780356
910,1.353289
911,1.842632
912,4.248106
913,1.517938
914,1.325879
915,3.676056
916,2.038023
917,1.692710
918,1.785315
919,4.644752
920,1.640994
921,1.288921
922,3.517746
923,1.628072
924,0.929652
925,0.949098
926,0.375919
927,2.028615
928,1.041500
929,4.362709
930,2.192244
931,2.399781
932,2.108880
933,4.518040
934,1.786044
935,3.506844
936,1.851061
937,4.677924
938,3.978855
939,2.562286
940,4.647228
941,2.988685
942,0.437159
943,3.020309
944,2.224158
945,0.651773
946,4.232305
947,1.757447
948,1.992938
949,2.245072
950,2.193340
951,1.504437
952,1.597552
953,0.874483
954,0.701451
955,2.142791
956,1.782838
957,2.801347
958,1.783958
959,1.364480
960,4.619024
961,0.887170
962,1.407578
963,0.902077
964,1.660702
965,3.311355
966,1.527397
967,3.373422
968,1.672510
969,1.033590
970,1.813509
971,4.224804
972,0.357045
973,1.786567
974,3.706666
975,4.378723
976,3.860657
977,1.104216
978,3.954103
979,1.906886
980,4.751354
981,1.794769
982,2.100980
983,0.600219
984,1.762504
985,2.281272
986,4.734687
987,0.970097
988,1.628190
989,3.680820
990,2.254664
991,1.230355
992,2.483419
993,1.747044
994,3.230186
995,2.032090
996,0.279020
997,4.587565
998,2.760779
999,4.482825
1000,2.484598
1001,1.967239
1002,4.068224
1003,0.738351
1004,2.255046
1005,2.935793
1006,1.104740
1007,3.105758
1008,1.269351
1009,0.787551
1010,2.257739
1011,4.297428
1012,1.388493
1013,1.449324
1014,1.744063
1015,1.672270
1016,1.740896
1017,1.708638
1018,4.682959
1019,1.583052
1020,1.415601
1021,2.122065
1022,2.416683
1023,3.436966
1024,1.917955
1025,0.526127
1026,4.637217
1027,3.230530
1028,2.917357
1029,1.615817
1030,0.944806
1031,0.434258
1032,1.871498
1033,2.108543
1034,3.742869
1035,3.628589
1036,0.819766
1037,4.235640
1038,4.410860
1039,1.228119
1040,1.681424
1041,2.341732
1042,4.763386
1043,4.094937
1044,0.780625
1045,2.485800
1046,1.631327
1047,1.706196
1048,3.843177
1049,2.618864
1050,2.258970
1051,4.492534
1052,0.786661
1053,1.936016
1054,0.300206
1055,1.730639
1056,2.803867
1057,2.197400
1058,3.020854
1059,3.333319
1060,3.645513
1061,0.648860
1062,2.457749
1063,1.464404
1064,4.739764
1065,1.565273
1066,4.010408
1067,4.008634
1068,3.116488
1069,2.084752
1070,0.251806
1071,1.195372
1072,1.570932
1073,1.828476
1074,0.716355
1075,4.522511
1076,1.618918
1077,1.312810
1078,1.753410
1079,1.550823
1080,2.051699
1081,4.392017
1082,4.669867
1083,0.645771
1084,1.684832
1085,3.425334
1086,2.091985
1087,4.159321
1088,0.985083
1089,1.318252
1090,1.797411
1091,4.620012
1092,1.065083
1093,1.572652
1094,3.039442
1095,1.012205
1096,1.895195
1097,3.493172
1098,3.702435
1099,2.665511
1100,2.475038
1101,0.421271
1102,2.582859
1103,2.366662
1104,4.300514
1105,2.313555
1106,4.355902
1107,3.605588
1108,3.725450
1109,0.766618
1110,1.514760
1111,2.167571
1112,0.500452
1113,4.561770
1114,4.117108
1115,2.814763
1116,1.704174
1117,2.069168
1118,1.591309
1119,4.739965
1120,1.759910
1121,4.459247
1122,0.764187
1123,1.651952
1124,4.724880
1125,3.863213
1126,4.048891
1127,2.619023
1128,3.141774
1129,0.758444
1130,3.802661
1131,1.133840
1132,2.142328
1133,2.050141
1134,1.381111
1135,1.762717
1136,3.572291
1137,1.400734
1138,1.733508
1139,1.682928
1140,4.369205
1141,2.968332
1142,0.421964
1143,1.009023
1144,2.167293
1145,3.382789
1146,1.428456
1147,2.251553
1148,4.626394
1149,3.971353
1150,2.043324
1151,0.691125
1152,4.568882
1153,1.633700
1154,0.684765
1155,2.708150
1156,2.538637
1157,2.402592
1158,3.473551
1159,0.353513
1160,1.673148
1161,2.645381
1162,0.608623
1163,1.448426
1164,1.414285
1165,1.645743
1166,1.416722
1167,2.136853
1168,4.112548
1169,3.890821
1170,2.217274
1171,4.198047
1172,2.587059
1173,4.417920
1174,1.054335
1175,4.726619
1176,2.020062
1177,3.562850
1178,2.053950
1179,4.692799
1180,4.618872
1181,2.869374
1182,2.832299
1183,0.873676
1184,0.557205
1185,4.697536
1186,2.001396
1187,4.364736
1188,1.350513
1189,1.956246
1190,0.961017
1191,3.610556
1192,1.997337
1193,3.149914
1194,4.735122
1195,0.959743
1196,2.166069
1197,0.990111
1198,0.570430
1199,1.688798
1200,1.515488
1201,1.538451
1202,1.307736
1203,1.321876
1204,4.442298
1205,4.130260
1206,0.908982
1207,3.669612
1208,2.386615
1209,3.920369
1210,1.727859
1211,4.689714
1212,3.912197
1213,3.300303
1214,2.548354
1215,4.595857
1216,2.469289
1217,0.480290
1218,3.378002
1219,2.606652
1220,2.822130
1221,4.788024
1222,1.812630
1223,0.666631
1224,1.388955
1225,1.168609
1226,1.086692
1227,2.523712
1228,3.342921
1229,0.780485
1230,1.962123
1231,2.728382
1232,2.244872
1233,2.747455
1234,4.753155
1235,4.085632
1236,0.508734
1237,2.009312
1238,2.018537
1239,1.899221
1240,3.461514
1241,4.671292
1242,1.041548
1243,1.588767
1244,0.728195
1245,4.734739
1246,0.728711
1247,1.710532
1248,3.063714
1249,4.401145
1250,1.237599
1251,0.628730
1252,1.409616
1253,2.617951
1254,4.133294
1255,4.889276
1256,3.848919
1257,2.189105
1258,0.814783
1259,4.353835
1260,1.872018
1261,0.908131
1262,1.950018
1263,3.260913
1264,4.868548
1265,3.668982
1266,3.266781
1267,0.725794
1268,1.126503
1269,2.506402
1270,1.336249
1271,1.522752
1272,1.076879
1273,1.948419
1274,4.726615
1275,0.586532
1276,2.512503
1277,1.180380
1278,4.243227
1279,2.570405
1280,4.085694
1281,1.395187
1282,2.362538
1283,0.948794
1284,2.668238
1285,2.733813
1286,3.905775
1287,4.472816
1288,1.876975
1289,4.694951
1290,2.551019
1291,4.957524
1292,1.581491
1293,3.762134
1294,2.098481
1295,2.984960
1296,5.010794
1297,1.839974
1298,3.411911
1299,0.548705
1300,3.438533
1301,1.065183
1302,1.757544
1303,3.142121
1304,1.462140
1305,1.883187
1306,4.837113
1307,4.095476
1308,2.901523
1309,0.849081
1310,0.705282
1311,1.482586
1312,4.548534
1313,2.601427
1314,1.871333
1315,3.401175
1316,3.201418
1317,3.605653
1318,0.674041
1319,2.228425
1320,4.931102
1321,4.519684
1322,4.205511
1323,4.180391
1324,1.932948
1325,3.731532
1326,3.161434
1327,1.338861
1328,0.754367
1329,3.527291
1330,0.675771
1331,5.028189
1332,2.438912
1333,2.139737
1334,5.133216
1335,1.537530
1336,1.281971
1337,1.784842
1338,4.061850
1339,2.561487
1340,0.868739
1341,4.322711
1342,1.283119
1343,0.760929
1344,2.442762
1345,2.711428
1346,4.686110
1347,1.159765
1348,1.965619
1349,3.572148
1350,0.628097
1351,3.026993
1352,2.202815
1353,3.652899
1354,3.904812
1355,3.247017
1356,0.596078
1357,1.799190
1358,3.138363
1359,1.266176
1360,1.451570
1361,5.144450
1362,3.632508
1363,4.788005
1364,1.585161
1365,3.470136
1366,4.274338
1367,3.261604
1368,5.207728
1369,2.682427
1370,3.948833
1371,1.893091
1372,4.151022
1373,1.920834
1374,1.692897
1375,4.935773
1376,1.012629
1377,0.647158
1378,3.657474
1379,3.720456
1380,1.532295
1381,4.425502
1382,3.996993
1383,2.674777
1384,2.059357
1385,2.127908
1386,3.045504
1387,2.231169
1388,0.602062
1389,1.421127
1390,0.772700
1391,0.627514
1392,3.793737
1393,3.090040
1394,3.992529
1395,2.551697
1396,3.583004
1397,3.731824
1398,0.615377
1399,0.616125
1400,1.970048
1401,2.955182
1402,0.977036
1403,5.048106
1404,0.831333
1405,0.658344
1406,4.489611
1407,5.201079
1408,1.215075
1409,2.337028
1410,3.751830
1411,4.693072
1412,5.321271
1413,4.123764
1414,0.776266
1415,3.446109
1416,1.421028
1417,1.113129
1418,2.903542
1419,3.132489
1420,2.166186
1421,4.151686
1422,3.184497
1423,1.266928
1424,4.133040
1425,1.673013
1426,1.908879
1427,2.083840
1428,2.834967
1429,5.252372
1430,2.679222
1431,3.786391
1432,3.728524
1433,3.925149
1434,1.626656
1435,3.286112
1436,4.787572
1437,3.770948
1438,1.474361
1439,0.709867
1440,1.198834
1441,5.380833
1442,3.795147
1443,3.790017
1444,5.085669
1445,2.138647
1446,3.879506
1447,2.698797
1448,0.705544
1449,4.185347
1450,0.642893
1451,1.333712
1452,1.765701
1453,0.704143
1454,0.933420
1455,4.450851
1456,3.483125
1457,2.741726
1458,4.105604
1459,2.086908
1460,0.586885
1461,0.922817
1462,2.196983
1463,1.815711
1464,2.890227
1465,2.509203
1466,4.116209
1467,1.487145
1468,3.927632
1469,1.542442
1470,1.351683
1471,0.747324
1472,3.358871
1473,3.742244
1474,3.044171
1475,3.903608
1476,2.655058
1477,3.876091
1478,0.889423
1479,2.369084
1480,0.753888
1481,3.214162
1482,1.124713
1483,5.074817
1484,3.693514
1485,3.932843
1486,5.432415
1487,5.390444
1488,0.538127
1489,2.796036
1490,4.892805
1491,4.429134
1492,1.062125
1493,0.805776
1494,1.058011
1495,3.701428
1496,2.354493
1497,2.331425
1498,4.204838
1499,3.968791
1500,1.218615
1501,2.074949
1502,4.033791
1503,3.882187
1504,1.495372
1505,4.128770
1506,0.879207
1507,1.714411
1508,0.700959
1509,2.041169
1510,0.769311
1511,4.132812
1512,3.784228
1513,2.840197
1514,3.776065
1515,2.996579
1516,0.590427
1517,5.316660
1518,1.336189
1519,2.747014
1520,2.228328
1521,2.803216
1522,4.067520
1523,3.309286
1524,2.440239
1525,1.319666
1526,5.565784
1527,0.661224
1528,2.584183
1529,1.546738
1530,5.343845
1531,2.648168
1532,3.432047
1533,4.141957
1534,4.678374
1535,0.913382
1536,3.812686
1537,3.672607
1538,4.099936
1539,2.342727
1540,1.231497
1541,4.731291
1542,2.636923
1543,4.025031
1544,4.044573
1545,3.672222
1546,1.065391
1547,1.165134
1548,4.039827
1549,1.048279
1550,4.086303
1551,1.637136
1552,2.514324
1553,2.557923
1554,5.568069
1555,0.341748
1556,0.969404
1557,5.630587
1558,4.266255
1559,2.959234
1560,5.103718
1561,0.785192
1562,5.197643
1563,4.295556
1564,3.709922
1565,3.901332
1566,3.968456
1567,2.438804
1568,4.102465
1569,0.817053
1570,0.568012
1571,2.404318
1572,3.067994
1573,0.746539
1574,1.859569
1575,4.487255
1576,0.790456
1577,4.033847
1578,2.608805
1579,1.503329
1580,0.797371
1581,4.330041
1582,3.342332
1583,2.010508
1584,2.512839
1585,4.034634
1586,3.027920
1587,2.640034
1588,2.802850
1589,3.708610
1590,1.254129
1591,1.749634
1592,3.720143
1593,0.887523
1594,3.715654
1595,3.910129
1596,1.466547
1597,1.175997
1598,5.629190
1599,4.096710
1600,5.789650
1601,1.071927
1602,4.227854
1603,2.694074
1604,0.311379
1605,5.453265
1606,1.150552
1607,2.368842
1608,4.730576
1609,5.040155
1610,1.667495
1611,2.407620
1612,2.102983
1613,2.783754
1614,4.387511
1615,1.001007
1616,2.666664
1617,1.366134
1618,4.020017
1619,4.451687
1620,0.845243
1621,1.651378
1622,2.043091
1623,0.804086
1624,4.035002
1625,0.973121
1626,1.274467
1627,4.296054
1628,4.085986
1629,1.697558
1630,3.710800
1631,3.914956
1632,1.790237
1633,4.034634
1634,4.016798
1635,0.706566
1636,2.329768
1637,5.790727
1638,5.989262
1639,2.730139
1640,2.648024
1641,1.329973
1642,1.847066
1643,5.602629
1644,3.406419
1645,3.851198
1646,3.793040
1647,2.730176
1648,5.177270
1649,2.459715
1650,2.821877
1651,3.074443
1652,3.859051
1653,0.715080
1654,0.592673
1655,2.538527
1656,2.146731
1657,4.422286
1658,0.279077
1659,4.177064
1660,3.533744
1661,4.826062
1662,4.286545
1663,1.498744
1664,1.337957
1665,0.819093
1666,0.805291
1667,1.391703
1668,4.506602
1669,3.840380
1670,3.800087
1671,1.569606
1672,1.160904
1673,2.516758
1674,4.139254
1675,2.793748
1676,4.218981
1677,6.174146
1678,0.918286
1679,6.128843
1680,4.105058
1681,1.038202
1682,3.872352
1683,4.630496
1684,1.349661
1685,0.906281
1686,1.677171
1687,2.798784
1688,5.461157
1689,4.113209
1690,1.266517
1691,0.567092
1692,5.603732
1693,3.898906
1694,4.617601
1695,1.281275
1696,3.950824
1697,3.363707
1698,2.098734
1699,2.400301
1700,1.577007
1701,2.215328
1702,1.080506
1703,3.992139
1704,1.833774
1705,4.594082
1706,1.625310
1707,3.867020
1708,3.458606
1709,2.838720
1710,4.261732
1711,4.784698
1712,3.048235
1713,1.470476
1714,2.618746
1715,0.363162
1716,2.100138
1717,4.570873
1718,1.402957
1719,4.510493
1720,6.532990
1721,6.196813
1722,4.054239
1723,0.844192
1724,4.122330
1725,6.088110
1726,1.229603
1727,3.897768
1728,4.728521
1729,5.363928
1730,1.453537
1731,2.922546
1732,2.576767
1733,2.846828
1734,2.640022
1735,3.812777
1736,3.670726
1737,4.118490
1738,5.235836
1739,4.414313
1740,0.708103
1741,0.838001
1742,1.982625
1743,4.122877
1744,4.761727
1745,1.082492
1746,0.947743
1747,4.280102
1748,1.328140
1749,1.652186
1750,2.077506
1751,0.831165
1752,1.531672
1753,4.488992
1754,2.459557
1755,2.450449
1756,3.252788
1757,4.019971
1758,1.851918
1759,1.001953
1760,6.785401
1761,3.653053
1762,2.860462
1763,6.735793
1764,4.257173
1765,3.800768
1766,1.993538
1767,3.888038
1768,4.731484
1769,2.601458
1770,6.070048
1771,3.404095
1772,1.637909
1773,4.406733
1774,4.635593
1775,4.289670
1776,1.542853
1777,1.511125
1778,4.816388
1779,4.974161
1780,1.813466
1781,6.026539
1782,1.327553
1783,2.455155
1784,0.869195
1785,1.540759
1786,3.861705
1787,2.696989
1788,1.004453
1789,3.515886
1790,4.713098
1791,0.897539
1792,3.149851
1793,1.810034
1794,5.078526
1795,1.320672
1796,4.874877
1797,4.507116
1798,4.855499
1799,2.924605
1800,2.757037
1801,1.647902
1802,0.958696
1803,3.472249
1804,4.622833
1805,6.867945
1806,0.747631
1807,7.248278
1808,1.612303
1809,2.874156
1810,3.720096
1811,0.872017
1812,4.074615
1813,1.109490
1814,4.046264
1815,4.759305
1816,6.776715
1817,5.843434
1818,1.991297
1819,1.298736
1820,3.595596
1821,4.689577
1822,2.527842
1823,2.873691
1824,3.861788
1825,5.814281
1826,2.682369
1827,0.819088
1828,4.675309
1829,2.255083
1830,4.337158
1831,1.721157
1832,4.935006
1833,4.538733
1834,1.826163
1835,4.903038
1836,2.117708
1837,2.731037
1838,5.125325
1839,1.919222
1840,4.961182
1841,3.541647
1842,1.657664
1843,7.569661
1844,1.783089
1845,4.969554
1846,1.004574
1847,3.413692
1848,0.764146
1849,1.449598
1850,2.806392
1851,1.536521
1852,3.533518
1853,5.037512
1854,3.248116
1855,3.800113
1856,6.589763
1857,7.492026
1858,3.126092
1859,1.541674
1860,6.993308
1861,2.844792
1862,5.008171
1863,5.057736
1864,1.416194
1865,1.686597
1866,2.831042
1867,3.882602
1868,5.707073
1869,1.029457
1870,3.427299
1871,2.572703
1872,5.199998
1873,0.902976
1874,1.334790
1875,0.886242
1876,2.133793
1877,5.412828
1878,5.083249
1879,2.060541
1880,4.946712
1881,1.823778
1882,3.975989
1883,5.517099
1884,2.978951
1885,2.224743
1886,2.819599
1887,0.913006
1888,4.343983
1889,3.132915
1890,5.266487
1891,2.960626
1892,2.693112
1893,4.745489
1894,7.770515
1895,4.225931
1896,5.061982
1897,1.814416
1898,7.993021
1899,2.153248
1900,1.236919
1901,1.913929
1902,6.748928
1903,1.891484
1904,2.882919
1905,5.605471
1906,2.923061
1907,5.092139
1908,1.952080
1909,4.033962
1910,3.243992
1911,7.498899
1912,5.290603
1913,2.009735
1914,1.021495
1915,3.084366
1916,0.852839
1917,1.601554
1918,1.022930
1919,5.601212
1920,2.502152
1921,6.738766
1922,2.255787
1923,3.291639
1924,5.162913
1925,1.341337
1926,3.749052
1927,2.936950
1928,3.853034
1929,5.415728
1930,3.284994
1931,6.220667
1932,3.669485
1933,1.436925
1934,3.583389
1935,5.503765
1936,8.354778
1937,6.134900
1938,1.704790
1939,3.359527
1940,1.794198
1941,0.940935
1942,3.304817
1943,4.829337
1944,3.183606
1945,0.916076
1946,2.349215
1947,5.242580
1948,2.322509
1949,3.035679
1950,5.341389
1951,6.045652
1952,7.885279
1953,2.367077
1954,5.151898
1955,4.044155
1956,1.232070
1957,5.207815
1958,6.720149
1959,3.393212
1960,1.989378
1961,3.286465
1962,3.030850
1963,2.043627
1964,2.891872
1965,8.126749
1966,4.636608
1967,2.227359
1968,0.957968
1969,7.599033
1970,5.890378
1971,3.028746
1972,3.702856
1973,5.218171
1974,6.700659
1975,5.390457
1976,1.940874
1977,1.902685
1978,1.537804
1979,7.059073
1980,8.492084
1981,5.574188
1982,5.287755
1983,1.454611
1984,1.009008
1985,1.615981
1986,8.606480
1987,6.552267
1988,1.970248
1989,2.910815
1990,4.158705
1991,3.233285
1992,3.035704
1993,3.621994
1994,1.139936
1995,2.947763
1996,7.902980
1997,1.677922
1998,3.436177
1999,6.277185
2000,2.598539
2001,5.342449
2002,5.887497
2003,2.490702
2004,2.168457
2005,8.172910
2006,0.987403
2007,5.436423
2008,5.524810
2009,2.817314
2010,3.482039
2011,2.382631
2012,7.307793
2013,3.488727
2014,7.730073
2015,2.476680
2016,2.561599
2017,3.221796
2018,0.982152
2019,3.977010
2020,5.531438
2021,3.865122
2022,3.227669
2023,5.310262
2024,7.148805
2025,6.752112
2026,1.980932
2027,1.757377
2028,3.334469
2029,5.226031
2030,3.498691
2031,8.757647
2032,8.909614
2033,6.804364
2034,5.767782
2035,2.939900
2036,1.718148
2037,1.757525
2038,5.318833
2039,1.149124
2040,5.443991
2041,2.924822
2042,3.486102
2043,2.317966
2044,6.282709
2045,1.398141
2046,3.483738
2047,3.259942
2048,1.453068
2049,3.193158
2050,4.791753
2051,3.454328
2052,1.588408
2053,1.302216
2054,8.245182
2055,1.151342
2056,2.475567
2057,8.654617
2058,5.405576
2059,7.568813
2060,8.064540
2061,7.878020
2062,1.099989
2063,7.331081
2064,1.007701
2065,2.506112
2066,5.772486
2067,2.922651
2068,9.168513
2069,5.552806
2070,5.762481
2071,2.796496
2072,4.431395
2073,3.176262
2074,6.760008
2075,4.061468
2076,2.772599
2077,3.464693
2078,3.250497
2079,8.739901
2080,6.152038
2081,3.420819
2082,3.740126
2083,5.392912
2084,6.803203
2085,3.600267
2086,2.131983
2087,1.434363
2088,5.657985
2089,5.751565
2090,2.672718
2091,2.500990
2092,5.476440
2093,2.090230
2094,3.975708
2095,1.444979
2096,1.224094
2097,9.054525
2098,3.003149
2099,1.690975
2100,2.910916
2101,1.814369
2102,2.122276
2103,7.913165
2104,1.520081
2105,2.871052
2106,5.396685
2107,3.138303
2108,3.297364
2109,5.416249
2110,3.288723
2111,8.369343
2112,9.294344
2113,4.010188
2114,1.607009
2115,7.767456
2116,7.286974
2117,9.293102
2118,1.251284
2119,1.000539
2120,8.094743
2121,5.954927
2122,1.197974
2123,6.581673
2124,8.843199
2125,5.527488
2126,1.144114
2127,6.031743
2128,4.624229
2129,5.890400
2130,3.360112
2131,5.606095
2132,3.487498
2133,3.077132
2134,5.430203
2135,5.105080
2136,3.030112
2137,3.271882
2138,2.513638
2139,7.954076
2140,1.824694
2141,2.762282
2142,1.213295
2143,3.937566
2144,2.845919
2145,6.088887
2146,3.441023
2147,4.082328
2148,7.712729
2149,8.738689
2150,2.634038
2151,6.764020
2152,3.183679
2153,2.363004
2154,5.423945
2155,8.285683
2156,5.428361
2157,1.698006
2158,7.065871
2159,1.793819
2160,2.988246
2161,1.161203
2162,6.328845
2163,5.750406
2164,1.149642
2165,2.863407
2166,2.569536
2167,8.829957
2168,3.067250
2169,3.970599
2170,9.546443
2171,1.331046
2172,1.243681
2173,9.319471
2174,5.883784
2175,1.687773
2176,2.173179
2177,4.419906
2178,3.046440
2179,9.348427
2180,9.514894
2181,8.013228
2182,0.940514
2183,8.085670
2184,1.764445
2185,4.057016
2186,7.950831
2187,6.145536
2188,0.949224
2189,1.413844
2190,8.570863
2191,7.535380
2192,6.056545
2193,1.144581
2194,5.871093
2195,5.066156
2196,5.545833
2197,4.339126
2198,2.883218
2199,3.084233
2200,2.667893
2201,5.563090
2202,6.749927
2203,5.499708
2204,3.394832
2205,2.993194
2206,5.234396
2207,1.998457
2208,3.452725
2209,3.251524
2210,2.967525
2211,9.636850
2212,6.249497
2213,2.758997
2214,8.616598
2215,1.702840
2216,1.439711
2217,2.457162
2218,6.573496
2219,3.577929
2220,1.523140
2221,2.443895
2222,5.770675
2223,2.873308
2224,5.356305
2225,3.006812
2226,2.805946
2227,3.375078
2228,1.384413
2229,9.758160
2230,2.978957
2231,4.345148
2232,8.031985
2233,1.159540
2234,1.135027
2235,9.216129
2236,8.255174
2237,6.154629
2238,1.822499
2239,2.043617
2240,3.049171
2241,7.673273
2242,7.868377
2243,0.993085
2244,9.742621
2245,8.922534
2246,4.718334
2247,9.395532
2248,0.935737
2249,5.360147
2250,1.286627
2251,6.441049
2252,7.251082
2253,4.523580
2254,1.090669
2255,4.329413
2256,5.991060
2257,9.833196
2258,9.562245
2259,2.830011
2260,3.233620
2261,5.560273
2262,2.591616
2263,2.910917
2264,5.377391
2265,2.476207
2266,0.835138
2267,5.897935
2268,3.499358
2269,8.299779
2270,3.390270
2271,2.061703
2272,5.266504
2273,5.507911
2274,6.183885
2275,8.037563
2276,2.842055
2277,8.570770
2278,3.038961
2279,4.895909
2280,2.445254
2281,2.455997
2282,7.678445
2283,6.026189
2284,6.909698
2285,3.433495
2286,1.718853
2287,1.300932
2288,8.085140
2289,2.145342
2290,3.059335
2291,1.628566
2292,0.759360
2293,6.203120
2294,7.454651
2295,2.855772
2296,2.843921
2297,2.762506
2298,1.682110
2299,1.081131
2300,5.241748
2301,0.918772
2302,9.001373
2303,1.760950
2304,4.571736
2305,10.037284
2306,6.294396
2307,1.369084
2308,4.433173
2309,9.763123
2310,9.897691
2311,9.489668
2312,8.093860
2313,10.009129
2314,4.912430
2315,0.770070
2316,9.406764
2317,5.740785
2318,0.839412
2319,2.690272
2320,8.211525
2321,5.333839
2322,2.329745
2323,4.718467
2324,0.783045
2325,6.504666
2326,5.517997
2327,7.981261
2328,7.380735
2329,2.694128
2330,9.135485
2331,1.340531
2332,2.968894
2333,2.449117
2334,2.188150
2335,1.421938
2336,3.645781
2337,5.522845
2338,5.923847
2339,7.998466
2340,5.113041
2341,4.593845
2342,7.142147
2343,2.689960
2344,3.153052
2345,5.678275
2346,9.932010
2347,1.426755
2348,3.425527
2349,2.026602
2350,5.772762
2351,1.769400
2352,3.451739
2353,5.120912
2354,2.992829
2355,4.413296
2356,2.753866
2357,2.494170
2358,9.555020
2359,4.589711
2360,5.511192
2361,10.123297
2362,8.485655
2363,8.169561
2364,2.427546
2365,1.097425
2366,6.074903
2367,1.605864
2368,0.611054
2369,1.060409
2370,8.659656
2371,2.127142
2372,5.187108
2373,8.163162
2374,7.004252
2375,4.790761
2376,5.965080
2377,10.017733
2378,1.666901
2379,7.775551
2380,0.511631
2381,0.586473
2382,5.047962
2383,9.099645
2384,0.632029
2385,4.834058
2386,9.697747
2387,0.600512
2388,4.990811
2389,2.361473
2390,2.316427
2391,5.775818
2392,2.002056
2393,6.400569
2394,2.060744
2395,5.338387
2396,5.377617
2397,3.696948
2398,8.305427
2399,1.748542
2400,9.624212
2401,3.408165
2402,5.298103
2403,5.860253
2404,8.273744
2405,6.500186
2406,3.294846
2407,9.233502
2408,2.598380
2409,3.884691
2410,4.745448
2411,2.658106
2412,4.935754
2413,2.415348
2414,2.106844
2415,1.270204
2416,1.423394
2417,3.396215
2418,5.096694
2419,1.764638
2420,4.970139
2421,2.547751
2422,1.673391
2423,2.869778
2424,7.443518
2425,8.918299
2426,10.084067
2427,1.652662
2428,7.519198
2429,9.998331
2430,0.300883
2431,5.093547
2432,1.403458
2433,0.876732
2434,2.087156
2435,8.111063
2436,3.868493
2437,1.298820
2438,0.486848
2439,8.218643
2440,9.775421
2441,5.334307
2442,4.937282
2443,0.942554
2444,9.438901
2445,5.624591
2446,0.540611
2447,8.674741
2448,8.371749
2449,4.980092
2450,4.838236
2451,6.126658
2452,9.869934
2453,0.545834
2454,7.771762
2455,0.530308
2456,5.298454
2457,6.973498
2458,5.028537
2459,1.985584
2460,8.317823
2461,4.806368
2462,2.199700
2463,2.085967
2464,4.963537
2465,2.177537
2466,8.592976
2467,1.785700
2468,3.782036
2469,3.858504
2470,3.018215
2471,1.722071
2472,3.442705
2473,4.661433
2474,8.812786
2475,5.075532
2476,5.017766
2477,3.158555
2478,2.743215
2479,2.136625
2480,1.848845
2481,9.353895
2482,2.628811
2483,9.496553
2484,1.315233
2485,5.555379
2486,5.911126
2487,4.901140
2488,5.781137
2489,5.112879
2490,0.903151
2491,8.514899
2492,1.746166
2493,0.533540
2494,0.420704
2495,6.582298
2496,3.616885
2497,1.185236
2498,1.450175
2499,8.293765
2500,1.395293
2501,4.726777
2502,4.889216
2503,8.454111
2504,8.842634
2505,1.513362
2506,9.800935
2507,5.160904
2508,6.887019
2509,1.205790
2510,9.065694
2511,3.838220
2512,1.413823
2513,7.606862
2514,4.750980
2515,2.224999
2516,8.214120
2517,5.064080
2518,7.489613
2519,0.410469
2520,1.694293
2521,0.361594
2522,4.798003
2523,9.628935
2524,5.846507
2525,2.376889
2526,2.884746
2527,1.922858
2528,1.869347
2529,1.877636
2530,8.536013
2531,1.605243
2532,9.208038
2533,4.743957
2534,5.001761
2535,6.235017
2536,8.782635
2537,4.176881
2538,5.508083
2539,3.120726
2540,7.838343
2541,1.225756
2542,4.614508
2543,2.297220
2544,3.270333
2545,0.523441
2546,3.602537
2547,1.249709
2548,1.529710
2549,1.554087
2550,1.793136
2551,8.286829
2552,1.496810
2553,9.461996
2554,9.470288
2555,6.287507
2556,0.949582
2557,2.066278
2558,7.141091
2559,0.479787
2560,0.945453
2561,4.427172
2562,9.554283
2563,5.232200
2564,8.404840
2565,5.177306
2566,5.099728
2567,7.923671
2568,2.300506
2569,9.088004
2570,1.274363
2571,3.194020
2572,1.391241
2573,7.108890
2574,6.124160
2575,8.686211
2576,5.816647
2577,8.576189
2578,0.936522
2579,9.258843
2580,8.949124
2581,0.478706
2582,4.664311
2583,3.654394
2584,2.853111
2585,5.076255
2586,1.308462
2587,4.522166
2588,2.575353
2589,6.602784
2590,4.570824
2591,5.320349
2592,1.620503
2593,0.523491
2594,1.184613
2595,5.431472
2596,9.431431
2597,8.504885
2598,1.712511
2599,4.469315
2600,1.587721
2601,1.879865
2602,1.324110
2603,1.468691
2604,0.428103
2605,1.885425
2606,0.587781
2607,5.676331
2608,8.845165
2609,1.561072
2610,3.044806
2611,3.121912
2612,2.713393
2613,3.101720
2614,8.871007
2615,2.659909
2616,2.089437
2617,2.777531
2618,3.114680
2619,1.481739
2620,2.732828
2621,7.446530
2622,2.421680
2623,6.102425
2624,3.662352
2625,5.168383
2626,2.756476
2627,2.638122
2628,6.566530
2629,9.345872
2630,1.379880
2631,1.851754
2632,1.150945
2633,0.691144
2634,3.581767
2635,8.977964
2636,8.101570
2637,7.191129
2638,4.373947
2639,3.359344
2640,4.141892
2641,0.702285
2642,4.552666
2643,8.592298
2644,2.315896
2645,2.152115
2646,9.235904
2647,2.361764
2648,7.703790
2649,1.213196
2650,5.290412
2651,2.358777
2652,5.255203
2653,9.156947
2654,6.476322
2655,5.784811
2656,3.622956
2657,8.052168
2658,8.326321
2659,0.486993
2660,3.200974
2661,2.477217
2662,1.083148
2663,2.145249
2664,9.052306
2665,4.362019
2666,1.614110
2667,2.239541
2668,4.521473
2669,2.158183
2670,5.039257
2671,6.980802
2672,4.621549
2673,9.055217
2674,7.715377
2675,4.928260
2676,0.564218
2677,1.150587
2678,0.537627
2679,8.750938
2680,6.083927
2681,5.214219
2682,6.342928
2683,1.231281
2684,1.209629
2685,2.176488
2686,2.028700
2687,9.051376
2688,1.390119
2689,1.543124
2690,2.178673
2691,2.109160
2692,8.356993
2693,1.324893
2694,9.183076
2695,2.072972
2696,2.062546
2697,2.803509
2698,4.436794
2699,2.773187
2700,3.974731
2701,5.455366
2702,1.522498
2703,0.652268
2704,2.050077
2705,1.370967
2706,1.470712
2707,2.020135
2708,3.052402
2709,1.150524
2710,4.516981
2711,5.851367
2712,1.604618
2713,2.354381
2714,0.920531
2715,5.290767
2716,0.785676
2717,8.344487
2718,2.981665
2719,8.971318
2720,1.892818
2721,2.231752
2722,8.482019
2723,1.030191
2724,6.764199
2725,8.013238
2726,1.008774
2727,2.034666
2728,4.468806
2729,0.741052
2730,5.760207
2731,5.255648
2732,9.143271
2733,3.789984
2734,8.539564
2735,2.571722
2736,4.703102
2737,6.331138
2738,6.540366
2739,5.381776
2740,2.778826
2741,0.580224
2742,5.288004
2743,1.991704
2744,0.654234
2745,1.348577
2746,7.297122
2747,8.995273
2748,8.747886
2749,7.135115
2750,6.055176
2751,9.081267
2752,2.425811
2753,6.587670
2754,2.805941
2755,7.931436
2756,4.424630
2757,1.652175
2758,1.443398
2759,2.037167
2760,0.646869
2761,0.973072
2762,7.574651
2763,4.373016
2764,2.017921
2765,1.061199
2766,1.077110
2767,4.304658
2768,5.354903
2769,2.421384
2770,9.057132
2771,1.954702
2772,5.248695
2773,2.653039
2774,1.178858
2775,1.557097
2776,0.896317
2777,1.205739
2778,1.323286
2779,8.688717
2780,2.926622
2781,9.131714
2782,2.234854
2783,0.773482
2784,2.715785
2785,1.458966
2786,4.380906
2787,3.568001
2788,1.733442
2789,2.412745
2790,8.065127
2791,1.059412
2792,1.360320
2793,4.521724
2794,7.997295
2795,2.691116
2796,6.694782
2797,5.410215
2798,5.133241
2799,7.016523
2800,8.898748
2801,0.944663
2802,0.949903
2803,1.883338
2804,7.261112
2805,1.991785
2806,5.552815
2807,4.618826
2808,6.266342
2809,6.573398
2810,7.679213
2811,0.814140
2812,7.509769
2813,9.037319
2814,2.734298
2815,8.417041
2816,8.127643
2817,5.722474
2818,5.400278
2819,5.069806
2820,8.917554
2821,2.872399
2822,6.824340
2823,0.600918
2824,1.965893
2825,6.024796
2826,8.961325
2827,5.907619
2828,0.708562
2829,2.134452
2830,6.446545
2831,1.215191
2832,1.347633
2833,0.750964
2834,0.823814
2835,0.800395
2836,1.832105
2837,2.885512
2838,1.113050
2839,1.102642
2840,4.413564
2841,1.006352
2842,0.781710
2843,9.063999
2844,4.499433
2845,1.096729
2846,8.633184
2847,8.220367
2848,6.870456
2849,6.257678
2850,1.557757
2851,5.143904
2852,4.634532
2853,1.852612
2854,5.509907
2855,2.783969
2856,2.864851
2857,2.795703
2858,2.229365
2859,1.414360
2860,7.835225
2861,8.860398
2862,7.419679
2863,4.485475
2864,2.569808
2865,4.258773
2866,1.158347
2867,2.309021
2868,1.913546
2869,3.658631
2870,1.406780
2871,7.593838
2872,1.025572
2873,5.569984
2874,1.076395
2875,8.881716
2876,5.658232
2877,6.775571
2878,7.810505
2879,6.218440
2880,1.361938
2881,1.244320
2882,1.728314
2883,0.967177
2884,2.876875
2885,0.888583
2886,8.921215
2887,9.072440
2888,8.592807
2889,7.135356
2890,0.684760
2891,1.600314
2892,8.228196
2893,1.360191
2894,5.272421
2895,6.991140
2896,0.680647
2897,2.922135
2898,2.987880
2899,5.710656
2900,2.062683
2901,8.769292
2902,2.884522
2903,0.499930
2904,8.507296
2905,0.814075
2906,1.056935
2907,5.620945
2908,6.603733
2909,6.390144
2910,0.724499
2911,6.041604
2912,1.872936
2913,0.894199
2914,1.150091
2915,2.428799
2916,4.730763
2917,4.487823
2918,5.717279
2919,0.715993
2920,1.637467
2921,1.300698
2922,0.969693
2923,0.929987
2924,2.665401
2925,4.514216
2926,0.957402
2927,2.014543
2928,0.845103
2929,0.929992
2930,8.707297
2931,5.785664
2932,0.389500
2933,6.323496
2934,7.514727
2935,7.084794
2936,7.229090
2937,3.857660
2938,2.838286
2939,4.843532
2940,8.800546
2941,4.304506
2942,1.516069
2943,1.138136
2944,1.379370
2945,8.786079
2946,6.937837
2947,1.635642
2948,2.924258
2949,1.336131
2950,5.078265
2951,8.930289
2952,1.149644
2953,2.787549
2954,7.698417
2955,6.188446
2956,5.070380
2957,1.080956
2958,1.326384
2959,2.175346
2960,0.537796
2961,1.331350
2962,2.923273
2963,6.091001
2964,2.864785
2965,7.790364
2966,1.748939
2967,8.801557
2968,5.781546
2969,0.412175
2970,1.017409
2971,2.656149
2972,6.484082
2973,8.704132
2974,8.276167
2975,8.734806
2976,0.903333
2977,6.033622
2978,1.220221
2979,0.611768
2980,8.053756
2981,5.169151
2982,0.328519
2983,7.061550
2984,6.750861
2985,4.532653
2986,2.669050
2987,1.621417
2988,8.642484
2989,0.784021
2990,0.937251
2991,6.320937
2992,0.758583
2993,0.735079
2994,4.582758
2995,0.926080
2996,0.909679
2997,0.789301
2998,2.293673
2999,5.895594
3000,0.828962
3001,5.853523
3002,2.903288
3003,0.723533
3004,0.933399
3005,2.613367
3006,1.459102
3007,4.798236
3008,8.742592
3009,1.141713
3010,1.253693
3011,1.254737
3012,2.724014
3013,5.640314
3014,1.567242
3015,2.547855
3016,1.094691
3017,8.230117
3018,8.687338
3019,3.445935
3020,4.514114
3021,6.520064
3022,0.846316
3023,2.759418
3024,7.007246
3025,5.241491
3026,1.524250
3027,1.218913
3028,2.601172
3029,4.768000
3030,0.681879
3031,8.969979
3032,0.337278
3033,7.138720
3034,0.467823
3035,7.558736
3036,7.036920
3037,1.206147
3038,6.384521
3039,0.605993
3040,2.619797
3041,8.514389
3042,1.142778
3043,7.621020
3044,8.511181
3045,2.210143
3046,5.856546
3047,0.937078
3048,7.268449
3049,1.493105
3050,8.817994
3051,6.202638
3052,0.904770
3053,6.270837
3054,6.129287
3055,0.641662
3056,1.174327
3057,8.586497
3058,6.382838
3059,4.837162
3060,6.529765
3061,1.731597
3062,1.072758
3063,6.868557
3064,0.798831
3065,8.934020
3066,0.756152
3067,0.693423
3068,0.821120
3069,5.355246
3070,0.573276
3071,8.467411
3072,4.605109
3073,0.896774
3074,2.326753
3075,2.648246
3076,1.142887
3077,0.944014
3078,0.790893
3079,4.694910
3080,1.065257
3081,5.189213
3082,2.665697
3083,0.921968
3084,1.035772
3085,0.841236
3086,5.555588
3087,0.647818
3088,2.395827
3089,6.404898
3090,0.545482
3091,6.085607
3092,0.949822
3093,0.651887
3094,8.412212
3095,5.234290
3096,2.147654
3097,2.337111
3098,7.274767
3099,1.351984
3100,0.836241
3101,4.157689
3102,7.597144
3103,9.077011
3104,1.516064
3105,0.868044
3106,5.758181
3107,2.162636
3108,6.568369
3109,6.936709
3110,1.349402
3111,8.458553
3112,6.982030
3113,2.641668
3114,6.960287
3115,9.344653
3116,8.384480
3117,0.780883
3118,1.750395
3119,1.110734
3120,6.212716
3121,8.202052
3122,0.745142
3123,1.043647
3124,2.241445
3125,6.319025
3126,0.900777
3127,0.879013
3128,0.986132
3129,2.983160
3130,8.953554
3131,6.258783
3132,7.927747
3133,0.700862
3134,8.624023
3135,5.940169
3136,0.906168
3137,6.601172
3138,5.023733
3139,9.384669
3140,8.009883
3141,1.277087
3142,0.595682
3143,0.405584
3144,0.993950
3145,6.239932
3146,0.528892
3147,6.896383
3148,6.895222
3149,0.590213
3150,4.713227
3151,5.157327
3152,0.865049
3153,6.419744
3154,0.974804
3155,0.835849
3156,2.486566
3157,2.555843
3158,6.337525
3159,0.798225
3160,0.802714
3161,4.717354
3162,1.958348
3163,0.721281
3164,4.999957
3165,2.077197
3166,0.771476
3167,1.078727
3168,1.020301
3169,5.242735
3170,0.740737
3171,6.074328
3172,1.135515
3173,1.883746
3174,2.432636
3175,6.261375
3176,8.272509
3177,1.080071
3178,5.685068
3179,8.599521
3180,8.781733
3181,1.791992
3182,2.244374
3183,7.772233
3184,1.440200
3185,1.052738
3186,1.447390
3187,6.783609
3188,1.056090
3189,4.843555
3190,3.649320
3191,0.417537
3192,6.848469
3193,5.895497
3194,6.840839
3195,2.671285
3196,8.096425
3197,7.086521
3198,6.235604
3199,0.338771
3200,1.121356
3201,0.719001
3202,6.734105
3203,2.257324
3204,7.391056
3205,1.009393
3206,5.818039
3207,9.212057
3208,0.869769
3209,6.176461
3210,0.962004
3211,8.378865
3212,1.335095
3213,6.865817
3214,0.819057
3215,0.883698
3216,6.720092
3217,9.334763
3218,7.329388
3219,6.289014
3220,6.323264
3221,2.547478
3222,1.052160
3223,5.255608
3224,0.912937
3225,0.619438
3226,7.713477
3227,6.241097
3228,9.586852
3229,4.914644
3230,1.998275
3231,0.700624
3232,6.500493
3233,0.798154
3234,0.670796
3235,0.942758
3236,0.764503
3237,4.741130
3238,4.905831
3239,0.565235
3240,1.145384
3241,2.471283
3242,1.224523
3243,0.775723
3244,0.429906
3245,0.282007
3246,8.228276
3247,4.878566
3248,1.281931
3249,1.000359
3250,1.766112
3251,1.604080
3252,1.685574
3253,6.320971
3254,1.179311
3255,0.901462
3256,6.714456
3257,1.283422
3258,2.495183
3259,5.311713
3260,1.869927
3261,2.670962
3262,1.303110
3263,5.899870
3264,7.260517
3265,1.256113
3266,2.005975
3267,1.395467
3268,6.781479
3269,6.623540
3270,6.184793
3271,6.150697
3272,1.272877
3273,6.723904
3274,6.175220
3275,8.218524
3276,0.881319
3277,7.530067
3278,6.518766
3279,1.015114
3280,8.540645
3281,7.805437
3282,9.390498
3283,6.888810
3284,0.741056
3285,1.160641
3286,6.251347
3287,6.213053
3288,2.850575
3289,7.075503
3290,1.402579
3291,0.945818
3292,0.704289
3293,9.435113
3294,6.383549
3295,4.710208
3296,6.593896
3297,7.911863
3298,6.756881
3299,0.646135
3300,8.858491
3301,2.428555
3302,6.345690
3303,4.359172
3304,5.060121
3305,7.016591
3306,0.634314
3307,4.775728
3308,0.389515
3309,6.137672
3310,0.586027
3311,0.725146
3312,2.111159
3313,0.872568
3314,0.786207
3315,1.233148
3316,1.358058
3317,0.707632
3318,1.893094
3319,1.437301
3320,4.851803
3321,1.386060
3322,5.109127
3323,1.499644
3324,0.560138
3325,3.938732
3326,1.366938
3327,0.153880
3328,6.199008
3329,5.593588
3330,1.512998
3331,1.056922
3332,5.042493
3333,1.491859
3334,1.081479
3335,0.697659
3336,2.315124
3337,5.915104
3338,1.301083
3339,6.671271
3340,8.632033
3341,1.294535
3342,1.431361
3343,6.135587
3344,1.382521
3345,6.499616
3346,6.496699
3347,6.692993
3348,7.714149
3349,6.208833
3350,1.109401
3351,6.072130
3352,7.311303
3353,6.580894
3354,6.584217
3355,6.759627
3356,4.895511
3357,0.889348
3358,6.834696
3359,6.601082
3360,6.091856
3361,6.707995
3362,6.621669
3363,1.640110
3364,6.178595
3365,8.145076
3366,9.242559
3367,0.567928
3368,1.763727
3369,6.300828
3370,9.072367
3371,6.547762
3372,2.559851
3373,0.582718
3374,3.048082
3375,0.643848
3376,3.047333
3377,1.177216
3378,2.980335
3379,7.765021
3380,6.530550
3381,0.643443
3382,5.301715
3383,4.986071
3384,0.712936
3385,1.517512
3386,0.659218
3387,0.224496
3388,0.988933
3389,0.731519
3390,4.830810
3391,0.655159
3392,2.603475
3393,0.506497
3394,0.902508
3395,1.624055
3396,0.173456
3397,1.315117
3398,0.433014
3399,1.180624
3400,1.495234
3401,1.079875
3402,5.394983
3403,0.668421
3404,6.006428
3405,1.720974
3406,5.711015
3407,6.619007
3408,6.473932
3409,3.888666
3410,1.703894
3411,1.110754
3412,6.061167
3413,1.196631
3414,1.693170
3415,1.854873
3416,7.089061
3417,6.031001
3418,1.230335
3419,7.130981
3420,1.110702
3421,1.597613
3422,6.386116
3423,6.428035
3424,0.654909
3425,7.054188
3426,7.717714
3427,6.408958
3428,1.082638
3429,6.676355
3430,2.521206
3431,0.937236
3432,7.325398
3433,6.074058
3434,6.388119
3435,6.266972
3436,0.514455
3437,6.189224
3438,6.133919
3439,0.613832
3440,8.841070
3441,6.691050
3442,0.603162
3443,8.577409
3444,8.306509
3445,6.705317
3446,6.473832
3447,6.279256
3448,1.373376
3449,6.253347
3450,0.491503
3451,2.399142
3452,3.182331
3453,0.593878
3454,2.160423
3455,1.145049
3456,3.477310
3457,0.641216
3458,4.918819
3459,4.796811
3460,3.176459
3461,4.783306
3462,0.520613
3463,1.054552
3464,0.519974
3465,0.553451
3466,1.432169
3467,0.947067
3468,1.495735
3469,4.976483
3470,0.279672
3471,5.173548
3472,0.159910
3473,1.091197
3474,5.586558
3475,1.747232
3476,0.263292
3477,6.632489
3478,5.788597
3479,1.916382
3480,0.751174
3481,1.968272
3482,0.410565
3483,0.876146
3484,2.996042
3485,7.499283
3486,6.028967
3487,3.566834
3488,1.507573
3489,1.888989
3490,0.818067
3491,1.062987
3492,5.939015
3493,6.334125
3494,6.931365
3495,5.950010
3496,6.330957
3497,0.868694
3498,1.886089
3499,5.791486
3500,6.434169
3501,6.589172
3502,6.306691
3503,6.097171
3504,6.195420
3505,0.731712
3506,6.650837
3507,6.604104
3508,6.349206
3509,8.487423
3510,7.866186
3511,5.906686
3512,6.742718
3513,6.182706
3514,6.673108
3515,5.991758
3516,7.581818
3517,1.592117
3518,0.486564
3519,8.373626
3520,1.769259
3521,1.447310
3522,0.538181
3523,3.633622
3524,0.347529
3525,0.878597
3526,0.824653
3527,6.679180
3528,6.718071
3529,7.196730
3530,7.027408
3531,6.934146
3532,5.547596
3533,5.178738
3534,4.900065
3535,4.803663
3536,4.864270
3537,5.014391
3538,5.125484
3539,5.336424
3540,5.545397
3541,5.703786
3542,5.766872
3543,5.988858
3544,5.938773
3545,5.917029
3546,5.931148
3547,6.011284
3548,6.193905
3549,6.356282
3550,6.542121
3551,6.691758
3552,6.753033
3553,6.700189
3554,6.556470
3555,6.352615
3556,6.308078
3557,6.314221
3558,6.310313
3559,6.281635
3560,6.218182
3561,6.009835
3562,5.783445
3563,5.842841
3564,5.976965
3565,6.353864
3566,6.658553
3567,6.830202
3568,6.966201
3569,7.131621
3570,7.426874
3571,7.795842
3572,8.139621
3573,8.381943
3574,8.387027
3575,7.925793
3576,6.574953
3577,5.622362
3578,4.277248
3579,2.788727
3580,1.843427
3581,1.658264
3582,1.388398
3583,1.110165
3584,0.931775
3585,0.801735
3586,0.870779
3587,1.149134
3588,1.844820
3589,3.014573
3590,3.550835
3591,3.724761
3592,3.501710
3593,2.694832
3594,1.470297
3595,0.511015
3596,0.487532
3597,0.905529
3598,1.212946
3599,1.563526
3600,1.829683
3601,1.971779
3602,2.023555
3603,2.006520
3604,1.921200
3605,1.867236
3606,1.670916
3607,1.338984
3608,1.087901
3609,0.547236
3610,0.276562
3611,0.223676
3612,0.184175
3613,0.109968
3614,0.043382
3615,0.393701
3616,0.666618
3617,0.913174
3618,1.015936
3619,1.011793
3620,0.912810
3621,0.804285
3622,0.742341
3623,0.546438
3624,0.449008
3625,0.451019
3626,0.571800
3627,0.634054
3628,0.593145
3629,0.373557
3630,0.275454
3631,0.452161
3632,0.489605
3633,0.824653
3634,0.878597
3635,0.347529
3636,3.633622
3637,0.538181
3638,1.447310
3639,1.769259
3640,8.373626
3641,0.486564
3642,1.592117
3643,7.581818
3644,5.991758
3645,6.673108
3646,6.182706
3647,6.742718
3648,5.906686
3649,7.866186
3650,8.487423
3651,6.349206
3652,6.604104
3653,6.650837
3654,0.731712
3655,6.195420
3656,6.097171
3657,6.306691
3658,6.589172
3659,6.434169
3660,5.791486
3661,1.886089
3662,0.868694
3663,6.330957
3664,5.950010
3665,6.931365
3666,6.334125
3667,5.939015
3668,1.062987
3669,0.818067
3670,1.888989
3671,1.507573
3672,3.566834
3673,6.028967
3674,7.499283
3675,2.996042
3676,0.876146
3677,0.410565
3678,1.968272
3679,0.751174
3680,1.916382
3681,5.788597
3682,6.632489
3683,0.263292
3684,1.747232
3685,5.586558
3686,1.091197
3687,0.159910
3688,5.173548
3689,0.279672
3690,4.976483
3691,1.495735
3692,0.947067
3693,1.432169
3694,0.553451
3695,0.519974
3696,1.054552
3697,0.520613
3698,4.783306
3699,3.176459
3700,4.796811
3701,4.918819
3702,0.641216
3703,3.477310
3704,1.145049
3705,2.160423
3706,0.593878
3707,3.182331
3708,2.399142
3709,0.491503
3710,6.253347
3711,1.373376
3712,6.279256
3713,6.473832
3714,6.705317
3715,8.306509
3716,8.577409
3717,0.603162
3718,6.691050
3719,8.841070
3720,0.613832
3721,6.133919
3722,6.189224
3723,0.514455
3724,6.266972
3725,6.388119
3726,6.074058
3727,7.325398
3728,0.937236
3729,2.521206
3730,6.676355
3731,1.082638
3732,6.408958
3733,7.717714
3734,7.054188
3735,0.654909
3736,6.428035
3737,6.386116
3738,1.597613
3739,1.110702
3740,7.130981
3741,1.230335
3742,6.031001
3743,7.089061
3744,1.854873
3745,1.693170
3746,1.196631
3747,6.061167
3748,1.110754
3749,1.703894
3750,3.888666
3751,6.473932
3752,6.619007
3753,5.711015
3754,1.720974
3755,6.006428
3756,0.668421
3757,5.394983
3758,1.079875
3759,1.495234
3760,1.180624
3761,0.433014
3762,1.315117
3763,0.173456
3764,1.624055
3765,0.902508
3766,0.506497
3767,2.603475
3768,0.655159
3769,4.830810
3770,0.731519
3771,0.988933
3772,0.224496
3773,0.659218
3774,1.517512
3775,0.712936
3776,4.986071
3777,5.301715
3778,0.643443
3779,6.530550
3780,7.765021
3781,2.980335
3782,1.177216
3783,3.047333
3784,0.643848
3785,3.048082
3786,0.582718
3787,2.559851
3788,6.547762
3789,9.072367
3790,6.300828
3791,1.763727
3792,0.567928
3793,9.242559
3794,8.145076
3795,6.178595
3796,1.640110
3797,6.621669
3798,6.707995
3799,6.091856
3800,6.601082
3801,6.834696
3802,0.889348
3803,4.895511
3804,6.759627
3805,6.584217
3806,6.580894
3807,7.311303
3808,6.072130
3809,1.109401
3810,6.208833
3811,7.714149
3812,6.692993
3813,6.496699
3814,6.499616
3815,1.382521
3816,6.135587
3817,1.431361
3818,1.294535
3819,8.632033
3820,6.671271
3821,1.301083
3822,5.915104
3823,2.315124
3824,0.697659
3825,1.081479
3826,1.491859
3827,5.042493
3828,1.056922
3829,5.593588
3830,1.512998
3831,6.199008
3832,0.153880
3833,1.366938
3834,3.938732
3835,0.560138
3836,1.499644
3837,5.109127
3838,1.386060
3839,4.851803
3840,1.437301
3841,1.893094
3842,0.707632
3843,1.358058
3844,1.233148
3845,0.786207
3846,0.872568
3847,2.111159
3848,0.725146
3849,0.586027
3850,6.137672
3851,0.389515
3852,4.775728
3853,0.634314
3854,7.016591
3855,5.060121
3856,4.359172
3857,6.345690
3858,2.428555
3859,8.858491
3860,0.646135
3861,6.756881
3862,7.911863
3863,6.593896
3864,4.710208
3865,6.383549
3866,9.435113
3867,0.704289
3868,0.945818
3869,1.402579
3870,7.075503
3871,2.850575
3872,6.213053
3873,6.251347
3874,1.160641
3875,0.741056
3876,6.888810
3877,9.390498
3878,7.805437
3879,8.540645
3880,1.015114
3881,6.518766
3882,7.530067
3883,0.881319
3884,8.218524
3885,6.175220
3886,6.723904
3887,1.272877
3888,6.150697
3889,6.184793
3890,6.623540
3891,6.781479
3892,1.395467
3893,2.005975
3894,1.256113
3895,7.260517
3896,5.899870
3897,1.303110
3898,2.670962
3899,1.869927
3900,5.311713
3901,2.495183
3902,1.283422
3903,6.714456
3904,0.901462
3905,1.179311
3906,6.320971
3907,1.685574
3908,1.604080
3909,1.766112
3910,1.000359
3911,1.281931
3912,4.878566
3913,8.228276
3914,0.282007
3915,0.429906
3916,0.775723
3917,1.224523
3918,2.471283
3919,1.145384
3920,0.565235
3921,4.905831
3922,4.741130
3923,0.764503
3924,0.942758
3925,0.670796
3926,0.798154
3927,6.500493
3928,0.700624
3929,1.998275
3930,4.914644
3931,9.586852
3932,6.241097
3933,7.713477
3934,0.619438
3935,0.912937
3936,5.255608
3937,1.052160
3938,2.547478
3939,6.323264
3940,6.289014
3941,7.329388
3942,9.334763
3943,6.720092
3944,0.883698
3945,0.819057
3946,6.865817
3947,1.335095
3948,8.378865
3949,0.962004
3950,6.176461
3951,0.869769
3952,9.212057
3953,5.818039
3954,1.009393
3955,7.391056
3956,2.257324
3957,6.734105
3958,0.719001
3959,1.121356
3960,0.338771
3961,6.235604
3962,7.086521
3963,8.096425
3964,2.671285
3965,6.840839
3966,5.895497
3967,6.848469
3968,0.417537
3969,3.649320
3970,4.843555
3971,1.056090
3972,6.783609
3973,1.447390
3974,1.052738
3975,1.440200
3976,7.772233
3977,2.244374
3978,1.791992
3979,8.781733
3980,8.599521
3981,5.685068
3982,1.080071
3983,8.272509
3984,6.261375
3985,2.432636
3986,1.883746
3987,1.135515
3988,6.074328
3989,0.740737
3990,5.242735
3991,1.020301
3992,1.078727
3993,0.771476
3994,2.077197
3995,4.999957
3996,0.721281
3997,1.958348
3998,4.717354
3999,0.802714
4000,0.798225
4001,6.337525
4002,2.555843
4003,2.486566
4004,0.835849
4005,0.974804
4006,6.419744
4007,0.865049
4008,5.157327
4009,4.713227
4010,0.590213
4011,6.895222
4012,6.896383
4013,0.528892
4014,6.239932
4015,0.993950
4016,0.405584
4017,0.595682
4018,1.277087
4019,8.009883
4020,9.384669
4021,5.023733
4022,6.601172
4023,0.906168
4024,5.940169
4025,8.624023
4026,0.700862
4027,7.927747
4028,6.258783
4029,8.953554
4030,2.983160
4031,0.986132
4032,0.879013
4033,0.900777
4034,6.319025
4035,2.241445
4036,1.043647
4037,0.745142
4038,8.202052
4039,6.212716
4040,1.110734
4041,1.750395
4042,0.780883
4043,8.384480
4044,9.344653
4045,6.960287
4046,2.641668
4047,6.982030
4048,8.458553
4049,1.349402
4050,6.936709
4051,6.568369
4052,2.162636
4053,5.758181
4054,0.868044
4055,1.516064
4056,9.077011
4057,7.597144
4058,4.157689
4059,0.836241
4060,1.351984
4061,7.274767
4062,2.337111
4063,2.147654
4064,5.234290
4065,8.412212
4066,0.651887
4067,0.949822
4068,6.085607
4069,0.545482
4070,6.404898
4071,2.395827
4072,0.647818
4073,5.555588
4074,0.841236
4075,1.035772
4076,0.921968
4077,2.665697
4078,5.189213
4079,1.065257
4080,4.694910
4081,0.790893
4082,0.944014
4083,1.142887
4084,2.648246
4085,2.326753
4086,0.896774
4087,4.605109
4088,8.467411
4089,0.573276
4090,5.355246
4091,0.821120
4092,0.693423
4093,0.756152
4094,8.934020
4095,0.798831
4096,6.868557
4097,1.072758
4098,1.731597
4099,6.529765
4100,4.837162
4101,6.382838
4102,8.586497
4103,1.174327
4104,0.641662
4105,6.129287
4106,6.270837
4107,0.904770
4108,6.202638
4109,8.817994
4110,1.493105
4111,7.268449
4112,0.937078
4113,5.856546
4114,2.210143
4115,8.511181
4116,7.621020
4117,1.142778
4118,8.514389
4119,2.619797
4120,0.605993
4121,6.384521
4122,1.206147
4123,7.036920
4124,7.558736
4125,0.467823
4126,7.138720
4127,0.337278
4128,8.969979
4129,0.681879
4130,4.768000
4131,2.601172
4132,1.218913
4133,1.524250
4134,5.241491
4135,7.007246
4136,2.759418
4137,0.846316
4138,6.520064
4139,4.514114
4140,3.445935
4141,8.687338
4142,8.230117
4143,1.094691
4144,2.547855
4145,1.567242
4146,5.640314
4147,2.724014
4148,1.254737
4149,1.253693
4150,1.141713
4151,8.742592
4152,4.798236
4153,1.459102
4154,2.613367
4155,0.933399
4156,0.723533
4157,2.903288
4158,5.853523
4159,0.828962
4160,5.895594
4161,2.293673
4162,0.789301
4163,0.909679
4164,0.926080
4165,4.582758
4166,0.735079
4167,0.758583
4168,6.320937
4169,0.937251
4170,0.784021
4171,8.642484
4172,1.621417
4173,2.669050
4174,4.532653
4175,6.750861
4176,7.061550
4177,0.328519
4178,5.169151
4179,8.053756
4180,0.611768
4181,1.220221
4182,6.033622
4183,0.903333
4184,8.734806
4185,8.276167
4186,8.704132
4187,6.484082
4188,2.656149
4189,1.017409
4190,0.412175
4191,5.781546
4192,8.801557
4193,1.748939
4194,7.790364
4195,2.864785
4196,6.091001
4197,2.923273
4198,1.331350
4199,0.537796
4200,2.175346
4201,1.326384
4202,1.080956
4203,5.070380
4204,6.188446
4205,7.698417
4206,2.787549
4207,1.149644
4208,8.930289
4209,5.078265
4210,1.336131
4211,2.924258
4212,1.635642
4213,6.937837
4214,8.786079
4215,1.379370
4216,1.138136
4217,1.516069
4218,4.304506
4219,8.800546
4220,4.843532
4221,2.838286
4222,3.857660
4223,7.229090
4224,7.084794
4225,7.514727
4226,6.323496
4227,0.389500
4228,5.785664
4229,8.707297
4230,0.929992
4231,0.845103
4232,2.014543
4233,0.957402
4234,4.514216
4235,2.665401
4236,0.929987
4237,0.969693
4238,1.300698
4239,1.637467
4240,0.715993
4241,5.717279
4242,4.487823
4243,4.730763
4244,2.428799
4245,1.150091
4246,0.894199
4247,1.872936
4248,6.041604
4249,0.724499
4250,6.390144
4251,6.603733
4252,5.620945
4253,1.056935
4254,0.814075
4255,8.507296
4256,0.499930
4257,2.884522
4258,8.769292
4259,2.062683
4260,5.710656
4261,2.987880
4262,2.922135
4263,0.680647
4264,6.991140
4265,5.272421
4266,1.360191
4267,8.228196
4268,1.600314
4269,0.684760
4270,7.135356
4271,8.592807
4272,9.072440
4273,8.921215
4274,0.888583
4275,2.876875
4276,0.967177
4277,1.728314
4278,1.244320
4279,1.361938
4280,6.218440
4281,7.810505
4282,6.775571
4283,5.658232
4284,8.881716
4285,1.076395
4286,5.569984
4287,1.025572
4288,7.593838
4289,1.406780
4290,3.658631
4291,1.913546
4292,2.309021
4293,1.158347
4294,4.258773
4295,2.569808
4296,4.485475
4297,7.419679
4298,8.860398
4299,7.835225
4300,1.414360
4301,2.229365
4302,2.795703
4303,2.864851
4304,2.783969
4305,5.509907
4306,1.852612
4307,4.634532
4308,5.143904
4309,1.557757
4310,6.257678
4311,6.870456
4312,8.220367
4313,8.633184
4314,1.096729
4315,4.499433
4316,9.063999
4317,0.781710
4318,1.006352
4319,4.413564
4320,1.102642
4321,1.113050
4322,2.885512
4323,1.832105
4324,0.800395
4325,0.823814
4326,0.750964
4327,1.347633
4328,1.215191
4329,6.446545
4330,2.134452
4331,0.708562
4332,5.907619
4333,8.961325
4334,6.024796
4335,1.965893
4336,0.600918
4337,6.824340
4338,2.872399
4339,8.917554
4340,5.069806
4341,5.400278
4342,5.722474
4343,8.127643
4344,8.417041
4345,2.734298
4346,9.037319
4347,7.509769
4348,0.814140
4349,7.679213
4350,6.573398
4351,6.266342
4352,4.618826
4353,5.552815
4354,1.991785
4355,7.261112
4356,1.883338
4357,0.949903
4358,0.944663
4359,8.898748
4360,7.016523
4361,5.133241
4362,5.410215
4363,6.694782
4364,2.691116
4365,7.997295
4366,4.521724
4367,1.360320
4368,1.059412
4369,8.065127
4370,2.412745
4371,1.733442
4372,3.568001
4373,4.380906
4374,1.458966
4375,2.715785
4376,0.773482
4377,2.234854
4378,9.131714
4379,2.926622
4380,8.688717
4381,1.323286
4382,1.205739
4383,0.896317
4384,1.557097
4385,1.178858
4386,2.653039
4387,5.248695
4388,1.954702
4389,9.057132
4390,2.421384
4391,5.354903
4392,4.304658
4393,1.077110
4394,1.061199
4395,2.017921
4396,4.373016
4397,7.574651
4398,0.973072
4399,0.646869
4400,2.037167
4401,1.443398
4402,1.652175
4403,4.424630
4404,7.931436
4405,2.805941
4406,6.587670
4407,2.425811
4408,9.081267
4409,6.055176
4410,7.135115
4411,8.747886
4412,8.995273
4413,7.297122
4414,1.348577
4415,0.654234
4416,5.288004
4417,1.991704
4418,0.580224
4419,2.778826
4420,5.381776
4421,6.540366
4422,6.331138
4423,4.703102
4424,2.571722
4425,8.539564
4426,3.789984
4427,9.143271
4428,5.255648
4429,5.760207
4430,0.741052
4431,4.468806
4432,2.034666
4433,1.008774
4434,8.013238
4435,6.764199
4436,1.030191
4437,8.482019
4438,2.231752
4439,1.892818
4440,8.971318
4441,2.981665
4442,8.344487
4443,0.785676
4444,5.290767
4445,0.920531
4446,2.354381
4447,1.604618
4448,5.851367
4449,4.516981
4450,1.150524
4451,3.052402
4452,2.020135
4453,1.470712
4454,1.370967
4455,2.050077
4456,0.652268
4457,1.522498
4458,5.455366
4459,3.974731
4460,2.773187
4461,4.436794
4462,2.803509
4463,2.062546
4464,2.072972
4465,9.183076
4466,1.324893
4467,8.356993
4468,2.109160
4469,2.178673
4470,1.543124
4471,1.390119
4472,9.051376
4473,2.028700
4474,2.176488
4475,1.209629
4476,1.231281
4477,6.342928
4478,5.214219
4479,6.083927
4480,8.750938
4481,0.537627
4482,1.150587
4483,0.564218
4484,4.928260
4485,7.715377
4486,9.055217
4487,4.621549
4488,6.980802
4489,5.039257
4490,2.158183
4491,4.521473
4492,2.239541
4493,1.614110
4494,4.362019
4495,9.052306
4496,2.145249
4497,1.083148
4498,2.477217
4499,3.200974
4500,0.486993
4501,8.326321
4502,8.052168
4503,3.622956
4504,5.784811
4505,6.476322
4506,9.156947
4507,5.255203
4508,2.358777
4509,5.290412
4510,1.213196
4511,7.703790
4512,2.361764
4513,9.235904
4514,2.152115
4515,2.315896
4516,8.592298
4517,4.552666
4518,0.702285
4519,4.141892
4520,3.359344
4521,4.373947
4522,7.191129
4523,8.101570
4524,8.977964
4525,3.581767
4526,0.691144
4527,1.150945
4528,1.851754
4529,1.379880
4530,9.345872
4531,6.566530
4532,2.638122
4533,2.756476
4534,5.168383
4535,3.662352
4536,6.102425
4537,2.421680
4538,7.446530
4539,2.732828
4540,1.481739
4541,3.114680
4542,2.777531
4543,2.089437
4544,2.659909
4545,8.871007
4546,3.101720
4547,2.713393
4548,3.121912
4549,3.044806
4550,1.561072
4551,8.845165
4552,5.676331
4553,0.587781
4554,1.885425
4555,0.428103
4556,1.468691
4557,1.324110
4558,1.879865
4559,1.587721
4560,4.469315
4561,1.712511
4562,8.504885
4563,9.431431
4564,5.431472
4565,1.184613
4566,0.523491
4567,1.620503
4568,5.320349
4569,4.570824
4570,6.602784
4571,2.575353
4572,4.522166
4573,1.308462
4574,5.076255
4575,2.853111
4576,3.654394
4577,4.664311
4578,0.478706
4579,8.949124
4580,9.258843
4581,0.936522
4582,8.576189
4583,5.816647
4584,8.686211
4585,6.124160
4586,7.108890
4587,1.391241
4588,3.194020
4589,1.274363
4590,9.088004
4591,2.300506
4592,7.923671
4593,5.099728
4594,5.177306
4595,8.404840
4596,5.232200
4597,9.554283
4598,4.427172
4599,0.945453
4600,0.479787
4601,7.141091
4602,2.066278
4603,0.949582
4604,6.287507
4605,9.470288
4606,9.461996
4607,1.496810
4608,8.286829
4609,1.793136
4610,1.554087
4611,1.529710
4612,1.249709
4613,3.602537
4614,0.523441
4615,3.270333
4616,2.297220
4617,4.614508
4618,1.225756
4619,7.838343
4620,3.120726
4621,5.508083
4622,4.176881
4623,8.782635
4624,6.235017
4625,5.001761
4626,4.743957
4627,9.208038
4628,1.605243
4629,8.536013
4630,1.877636
4631,1.869347
4632,1.922858
4633,2.884746
4634,2.376889
4635,5.846507
4636,9.628935
4637,4.798003
4638,0.361594
4639,1.694293
4640,0.410469
4641,7.489613
4642,5.064080
4643,8.214120
4644,2.224999
4645,4.750980
4646,7.606862
4647,1.413823
4648,3.838220
4649,9.065694
4650,1.205790
4651,6.887019
4652,5.160904
4653,9.800935
4654,1.513362
4655,8.842634
4656,8.454111
4657,4.889216
4658,4.726777
4659,1.395293
4660,8.293765
4661,1.450175
4662,1.185236
4663,3.616885
4664,6.582298
4665,0.420704
4666,0.533540
4667,1.746166
4668,8.514899
4669,0.903151
4670,5.112879
4671,5.781137
4672,4.901140
4673,5.911126
4674,5.555379
4675,1.315233
4676,9.496553
4677,2.628811
4678,9.353895
4679,1.848845
4680,2.136625
4681,2.743215
4682,3.158555
4683,5.017766
4684,5.075532
4685,8.812786
4686,4.661433
4687,3.442705
4688,1.722071
4689,3.018215
4690,3.858504
4691,3.782036
4692,1.785700
4693,8.592976
4694,2.177537
4695,4.963537
4696,2.085967
4697,2.199700
4698,4.806368
4699,8.317823
4700,1.985584
4701,5.028537
4702,6.973498
4703,5.298454
4704,0.530308
4705,7.771762
4706,0.545834
4707,9.869934
4708,6.126658
4709,4.838236
4710,4.980092
4711,8.371749
4712,8.674741
4713,0.540611
4714,5.624591
4715,9.438901
4716,0.942554
4717,4.937282
4718,5.334307
4719,9.775421
4720,8.218643
4721,0.486848
4722,1.298820
4723,3.868493
4724,8.111063
4725,2.087156
4726,0.876732
4727,1.403458
4728,5.093547
4729,0.300883
4730,9.998331
4731,7.519198
4732,1.652662
4733,10.084067
4734,7.443518
4735,8.918299
4736,2.869778
4737,1.673391
4738,2.547751
4739,4.970139
4740,1.764638
4741,5.096694
4742,3.396215
4743,1.423394
4744,1.270204
4745,2.106844
4746,2.415348
4747,4.935754
4748,2.658106
4749,4.745448
4750,3.884691
4751,2.598380
4752,9.233502
4753,3.294846
4754,6.500186
4755,8.273744
4756,5.860253
4757,5.298103
4758,3.408165
4759,9.624212
4760,1.748542
4761,8.305427
4762,3.696948
4763,5.377617
4764,5.338387
4765,2.060744
4766,6.400569
4767,2.002056
4768,5.775818
4769,2.316427
4770,2.361473
4771,4.990811
4772,0.600512
4773,9.697747
4774,4.834058
4775,0.632029
4776,9.099645
4777,5.047962
4778,0.586473
4779,0.511631
4780,7.775551
4781,1.666901
4782,10.017733
4783,5.965080
4784,4.790761
4785,7.004252
4786,8.163162
4787,5.187108
4788,2.127142
4789,8.659656
4790,1.060409
4791,0.611054
4792,1.605864
4793,6.074903
4794,1.097425
4795,2.427546
4796,8.169561
4797,8.485655
4798,10.123297
4799,5.511192
4800,4.589711
4801,9.555020
4802,2.494170
4803,2.753866
4804,4.413296
4805,2.992829
4806,5.120912
4807,3.451739
4808,1.769400
4809,5.772762
4810,2.026602
4811,3.425527
4812,1.426755
4813,9.932010
4814,5.678275
4815,3.153052
4816,2.689960
4817,7.142147
4818,4.593845
4819,5.113041
4820,7.998466
4821,5.923847
4822,5.522845
4823,3.645781
4824,1.421938
4825,2.188150
4826,2.449117
4827,2.968894
4828,1.340531
4829,9.135485
4830,2.694128
4831,7.380735
4832,7.981261
4833,5.517997
4834,6.504666
4835,0.783045
4836,4.718467
4837,2.329745
4838,5.333839
4839,8.211525
4840,2.690272
4841,0.839412
4842,5.740785
4843,9.406764
4844,0.770070
4845,4.912430
4846,10.009129
4847,8.093860
4848,9.489668
4849,9.897691
4850,9.763123
4851,4.433173
4852,1.369084
4853,6.294396
4854,10.037284
4855,4.571736
4856,1.760950
4857,9.001373
4858,0.918772
4859,5.241748
4860,1.081131
4861,1.682110
4862,2.762506
4863,2.843921
4864,2.855772
4865,7.454651
4866,6.203120
4867,0.759360
4868,1.628566
4869,3.059335
4870,2.145342
4871,8.085140
4872,1.300932
4873,1.718853
4874,3.433495
4875,6.909698
4876,6.026189
4877,7.678445
4878,2.455997
4879,2.445254
4880,4.895909
4881,3.038961
4882,8.570770
4883,2.842055
4884,8.037563
4885,6.183885
4886,5.507911
4887,5.266504
4888,2.061703
4889,3.390270
4890,8.299779
4891,3.499358
4892,5.897935
4893,0.835138
4894,2.476207
4895,5.377391
4896,2.910917
4897,2.591616
4898,5.560273
4899,3.233620
4900,2.830011
4901,9.562245
4902,9.833196
4903,5.991060
4904,4.329413
4905,1.090669
4906,4.523580
4907,7.251082
4908,6.441049
4909,1.286627
4910,5.360147
4911,0.935737
4912,9.395532
4913,4.718334
4914,8.922534
4915,9.742621
4916,0.993085
4917,7.868377
4918,7.673273
4919,3.049171
4920,2.043617
4921,1.822499
4922,6.154629
4923,8.255174
4924,9.216129
4925,1.135027
4926,1.159540
4927,8.031985
4928,4.345148
4929,2.978957
4930,9.758160
4931,1.384413
4932,3.375078
4933,2.805946
4934,3.006812
4935,5.356305
4936,2.873308
4937,5.770675
4938,2.443895
4939,1.523140
4940,3.577929
4941,6.573496
4942,2.457162
4943,1.439711
4944,1.702840
4945,8.616598
4946,2.758997
4947,6.249497
4948,9.636850
4949,2.967525
4950,3.251524
4951,3.452725
4952,1.998457
4953,5.234396
4954,2.993194
4955,3.394832
4956,5.499708
4957,6.749927
4958,5.563090
4959,2.667893
4960,3.084233
4961,2.883218
4962,4.339126
4963,5.545833
4964,5.066156
4965,5.871093
4966,1.144581
4967,6.056545
4968,7.535380
4969,8.570863
4970,1.413844
4971,0.949224
4972,6.145536
4973,7.950831
4974,4.057016
4975,1.764445
4976,8.085670
4977,0.940514
4978,8.013228
4979,9.514894
4980,9.348427
4981,3.046440
4982,4.419906
4983,2.173179
4984,1.687773
4985,5.883784
4986,9.319471
4987,1.243681
4988,1.331046
4989,9.546443
4990,3.970599
4991,3.067250
4992,8.829957
4993,2.569536
4994,2.863407
4995,1.149642
4996,5.750406
4997,6.328845
4998,1.161203
4999,2.988246
5000,1.793819
5001,7.065871
5002,1.698006
5003,5.428361
5004,8.285683
5005,5.423945
5006,2.363004
5007,3.183679
5008,6.764020
5009,2.634038
5010,8.738689
5011,7.712729
5012,4.082328
5013,3.441023
5014,6.088887
5015,2.845919
5016,3.937566
5017,1.213295
5018,2.762282
5019,1.824694
5020,7.954076
5021,2.513638
5022,3.271882
5023,3.030112
5024,5.105080
5025,5.430203
5026,3.077132
5027,3.487498
5028,5.606095
5029,3.360112
5030,5.890400
5031,4.624229
5032,6.031743
5033,1.144114
5034,5.527488
5035,8.843199
5036,6.581673
5037,1.197974
5038,5.954927
5039,8.094743
5040,1.000539
5041,1.251284
5042,9.293102
5043,7.286974
5044,7.767456
5045,1.607009
5046,4.010188
5047,9.294344
5048,8.369343
5049,3.288723
5050,5.416249
5051,3.297364
5052,3.138303
5053,5.396685
5054,2.871052
5055,1.520081
5056,7.913165
5057,2.122276
5058,1.814369
5059,2.910916
5060,1.690975
5061,3.003149
5062,9.054525
5063,1.224094
5064,1.444979
5065,3.975708
5066,2.090230
5067,5.476440
5068,2.500990
5069,2.672718
5070,5.751565
5071,5.657985
5072,1.434363
5073,2.131983
5074,3.600267
5075,6.803203
5076,5.392912
5077,3.740126
5078,3.420819
5079,6.152038
5080,8.739901
5081,3.250497
5082,3.464693
5083,2.772599
5084,4.061468
5085,6.760008
5086,3.176262
5087,4.431395
5088,2.796496
5089,5.762481
5090,5.552806
5091,9.168513
5092,2.922651
5093,5.772486
5094,2.506112
5095,1.007701
5096,7.331081
5097,1.099989
5098,7.878020
5099,8.064540
5100,7.568813
5101,5.405576
5102,8.654617
5103,2.475567
5104,1.151342
5105,8.245182
5106,1.302216
5107,1.588408
5108,3.454328
5109,4.791753
5110,3.193158
5111,1.453068
5112,3.259942
5113,3.483738
5114,6.282709
5115,1.398141
5116,2.317966
5117,3.486102
5118,2.924822
5119,5.443991
5120,1.149124
5121,5.318833
5122,1.757525
5123,1.718148
5124,2.939900
5125,5.767782
5126,6.804364
5127,8.909614
5128,8.757647
5129,3.498691
5130,5.226031
5131,3.334469
5132,1.757377
5133,1.980932
5134,6.752112
5135,7.148805
5136,5.310262
5137,3.227669
5138,3.865122
5139,5.531438
5140,3.977010
5141,0.982152
5142,3.221796
5143,2.561599
5144,2.476680
5145,7.730073
5146,3.488727
5147,7.307793
5148,2.382631
5149,3.482039
5150,2.817314
5151,5.524810
5152,5.436423
5153,0.987403
5154,8.172910
5155,2.168457
5156,2.490702
5157,5.887497
5158,5.342449
5159,2.598539
5160,6.277185
5161,3.436177
5162,1.677922
5163,7.902980
5164,2.947763
5165,1.139936
5166,3.621994
5167,3.035704
5168,3.233285
5169,4.158705
5170,2.910815
5171,1.970248
5172,6.552267
5173,8.606480
5174,1.615981
5175,1.009008
5176,1.454611
5177,5.287755
5178,5.574188
5179,8.492084
5180,7.059073
5181,1.537804
5182,1.902685
5183,1.940874
5184,5.390457
5185,6.700659
5186,5.218171
5187,3.702856
5188,3.028746
5189,5.890378
5190,7.599033
5191,0.957968
5192,2.227359
5193,4.636608
5194,8.126749
5195,2.891872
5196,2.043627
5197,3.030850
5198,3.286465
5199,1.989378
5200,3.393212
5201,6.720149
5202,5.207815
5203,1.232070
5204,4.044155
5205,5.151898
5206,2.367077
5207,7.885279
5208,6.045652
5209,5.341389
5210,3.035679
5211,2.322509
5212,5.242580
5213,2.349215
5214,0.916076
5215,3.183606
5216,4.829337
5217,3.304817
5218,0.940935
5219,1.794198
5220,3.359527
5221,1.704790
5222,6.134900
5223,8.354778
5224,5.503765
5225,3.583389
5226,1.436925
5227,3.669485
5228,6.220667
5229,3.284994
5230,5.415728
5231,3.853034
5232,2.936950
5233,3.749052
5234,1.341337
5235,5.162913
5236,3.291639
5237,2.255787
5238,6.738766
5239,2.502152
5240,5.601212
5241,1.022930
5242,1.601554
5243,0.852839
5244,3.084366
5245,1.021495
5246,2.009735
5247,5.290603
5248,7.498899
5249,3.243992
5250,4.033962
5251,1.952080
5252,5.092139
5253,2.923061
5254,5.605471
5255,2.882919
5256,1.891484
5257,6.748928
5258,1.913929
5259,1.236919
5260,2.153248
5261,7.993021
5262,1.814416
5263,5.061982
5264,4.225931
5265,7.770515
5266,4.745489
5267,2.693112
5268,2.960626
5269,5.266487
5270,3.132915
5271,4.343983
5272,0.913006
5273,2.819599
5274,2.224743
5275,2.978951
5276,5.517099
5277,3.975989
5278,1.823778
5279,4.946712
5280,2.060541
5281,5.083249
5282,5.412828
5283,2.133793
5284,0.886242
5285,1.334790
5286,0.902976
5287,5.199998
5288,2.572703
5289,3.427299
5290,1.029457
5291,5.707073
5292,3.882602
5293,2.831042
5294,1.686597
5295,1.416194
5296,5.057736
5297,5.008171
5298,2.844792
5299,6.993308
5300,1.541674
5301,3.126092
5302,7.492026
5303,6.589763
5304,3.800113
5305,3.248116
5306,5.037512
5307,3.533518
5308,1.536521
5309,2.806392
5310,1.449598
5311,0.764146
5312,3.413692
5313,1.004574
5314,4.969554
5315,1.783089
5316,7.569661
5317,1.657664
5318,3.541647
5319,4.961182
5320,1.919222
5321,5.125325
5322,2.731037
5323,2.117708
5324,4.903038
5325,1.826163
5326,4.538733
5327,4.935006
5328,1.721157
5329,4.337158
5330,2.255083
5331,4.675309
5332,0.819088
5333,2.682369
5334,5.814281
5335,3.861788
5336,2.873691
5337,2.527842
5338,4.689577
5339,3.595596
5340,1.298736
5341,1.991297
5342,5.843434
5343,6.776715
5344,4.759305
5345,4.046264
5346,1.109490
5347,4.074615
5348,0.872017
5349,3.720096
5350,2.874156
5351,1.612303
5352,7.248278
5353,0.747631
5354,6.867945
5355,4.622833
5356,3.472249
5357,0.958696
5358,1.647902
5359,2.757037
5360,2.924605
5361,4.855499
5362,4.507116
5363,4.874877
5364,1.320672
5365,5.078526
5366,1.810034
5367,3.149851
5368,0.897539
5369,4.713098
5370,3.515886
5371,1.004453
5372,2.696989
5373,3.861705
5374,1.540759
5375,0.869195
5376,2.455155
5377,1.327553
5378,6.026539
5379,1.813466
5380,4.974161
5381,4.816388
5382,1.511125
5383,1.542853
5384,4.289670
5385,4.635593
5386,4.406733
5387,1.637909
5388,3.404095
5389,6.070048
5390,2.601458
5391,4.731484
5392,3.888038
5393,1.993538
5394,3.800768
5395,4.257173
5396,6.735793
5397,2.860462
5398,3.653053
5399,6.785401
5400,1.001953
5401,1.851918
5402,4.019971
5403,3.252788
5404,2.450449
5405,2.459557
5406,4.488992
5407,1.531672
5408,0.831165
5409,2.077506
5410,1.652186
5411,1.328140
5412,4.280102
5413,0.947743
5414,1.082492
5415,4.761727
5416,4.122877
5417,1.982625
5418,0.838001
5419,0.708103
5420,4.414313
5421,5.235836
5422,4.118490
5423,3.670726
5424,3.812777
5425,2.640022
5426,2.846828
5427,2.576767
5428,2.922546
5429,1.453537
5430,5.363928
5431,4.728521
5432,3.897768
5433,1.229603
5434,6.088110
5435,4.122330
5436,0.844192
5437,4.054239
5438,6.196813
5439,6.532990
5440,4.510493
5441,1.402957
5442,4.570873
5443,2.100138
5444,0.363162
5445,2.618746
5446,1.470476
5447,3.048235
5448,4.784698
5449,4.261732
5450,2.838720
5451,3.458606
5452,3.867020
5453,1.625310
5454,4.594082
5455,1.833774
5456,3.992139
5457,1.080506
5458,2.215328
5459,1.577007
5460,2.400301
5461,2.098734
5462,3.950824
5463,3.363707
5464,1.281275
5465,4.617601
5466,3.898906
5467,5.603732
5468,0.567092
5469,1.266517
5470,4.113209
5471,5.461157
5472,2.798784
5473,1.677171
5474,0.906281
5475,1.349661
5476,4.630496
5477,3.872352
5478,1.038202
5479,4.105058
5480,6.128843
5481,0.918286
5482,6.174146
5483,4.218981
5484,2.793748
5485,4.139254
5486,2.516758
5487,1.160904
5488,1.569606
5489,3.800087
5490,3.840380
5491,4.506602
5492,1.391703
5493,0.805291
5494,0.819093
5495,1.337957
5496,1.498744
5497,4.286545
5498,4.826062
5499,3.533744
5500,4.177064
5501,0.279077
5502,4.422286
5503,2.146731
5504,2.538527
5505,0.592673
5506,0.715080
5507,3.859051
5508,3.074443
5509,2.821877
5510,2.459715
5511,5.177270
5512,2.730176
5513,3.793040
5514,3.851198
5515,3.406419
5516,5.602629
5517,1.847066
5518,1.329973
5519,2.648024
5520,2.730139
5521,5.989262
5522,5.790727
5523,2.329768
5524,0.706566
5525,4.016798
5526,4.034634
5527,1.790237
5528,3.914956
5529,3.710800
5530,1.697558
5531,4.085986
5532,4.296054
5533,1.274467
5534,0.973121
5535,4.035002
5536,0.804086
5537,2.043091
5538,1.651378
5539,0.845243
5540,4.451687
5541,4.020017
5542,1.366134
5543,2.666664
5544,1.001007
5545,4.387511
5546,2.783754
5547,2.102983
5548,2.407620
5549,1.667495
5550,5.040155
5551,4.730576
5552,2.368842
5553,1.150552
5554,5.453265
5555,0.311379
5556,2.694074
5557,4.227854
5558,1.071927
5559,5.789650
5560,4.096710
5561,5.629190
5562,1.175997
5563,1.466547
5564,3.910129
5565,3.715654
5566,0.887523
5567,3.720143
5568,1.749634
5569,1.254129
5570,3.708610
5571,2.802850
5572,2.640034
5573,3.027920
5574,4.034634
5575,2.512839
5576,2.010508
5577,3.342332
5578,4.330041
5579,0.797371
5580,1.503329
5581,2.608805
5582,4.033847
5583,0.790456
5584,4.487255
5585,1.859569
5586,0.746539
5587,3.067994
5588,2.404318
5589,0.568012
5590,0.817053
5591,4.102465
5592,2.438804
5593,3.968456
5594,3.901332
5595,3.709922
5596,4.295556
5597,5.197643
5598,0.785192
5599,5.103718
5600,2.959234
5601,4.266255
5602,5.630587
5603,0.969404
5604,0.341748
5605,5.568069
5606,2.557923
5607,2.514324
5608,1.637136
5609,4.086303
5610,1.048279
5611,4.039827
5612,1.165134
5613,1.065391
5614,3.672222
5615,4.044573
5616,4.025031
5617,2.636923
5618,4.731291
5619,1.231497
5620,2.342727
5621,4.099936
5622,3.672607
5623,3.812686
5624,0.913382
5625,4.678374
5626,4.141957
5627,3.432047
5628,2.648168
5629,5.343845
5630,1.546738
5631,2.584183
5632,0.661224
5633,5.565784
5634,1.319666
5635,2.440239
5636,3.309286
5637,4.067520
5638,2.803216
5639,2.228328
5640,2.747014
5641,1.336189
5642,5.316660
5643,0.590427
5644,2.996579
5645,3.776065
5646,2.840197
5647,3.784228
5648,4.132812
5649,0.769311
5650,2.041169
5651,0.700959
5652,1.714411
5653,0.879207
5654,4.128770
5655,1.495372
5656,3.882187
5657,4.033791
5658,2.074949
5659,1.218615
5660,3.968791
5661,4.204838
5662,2.331425
5663,2.354493
5664,3.701428
5665,1.058011
5666,0.805776
5667,1.062125
5668,4.429134
5669,4.892805
5670,2.796036
5671,0.538127
5672,5.390444
5673,5.432415
5674,3.932843
5675,3.693514
5676,5.074817
5677,1.124713
5678,3.214162
5679,0.753888
5680,2.369084
5681,0.889423
5682,3.876091
5683,2.655058
5684,3.903608
5685,3.044171
5686,3.742244
5687,3.358871
5688,0.747324
5689,1.351683
5690,1.542442
5691,3.927632
5692,1.487145
5693,4.116209
5694,2.509203
5695,2.890227
5696,1.815711
5697,2.196983
5698,0.922817
5699,0.586885
5700,2.086908
5701,4.105604
5702,2.741726
5703,3.483125
5704,4.450851
5705,0.933420
5706,0.704143
5707,1.765701
5708,1.333712
5709,0.642893
5710,4.185347
5711,0.705544
5712,2.698797
5713,3.879506
5714,2.138647
5715,5.085669
5716,3.790017
5717,3.795147
5718,5.380833
5719,1.198834
5720,0.709867
5721,1.474361
5722,3.770948
5723,4.787572
5724,3.286112
5725,1.626656
5726,3.925149
5727,3.728524
5728,3.786391
5729,2.679222
5730,5.252372
5731,2.834967
5732,2.083840
5733,1.908879
5734,1.673013
5735,4.133040
5736,1.266928
5737,3.184497
5738,4.151686
5739,2.166186
5740,3.132489
5741,2.903542
5742,1.113129
5743,3.446109
5744,1.421028
5745,0.776266
5746,4.123764
5747,5.321271
5748,4.693072
5749,3.751830
5750,2.337028
5751,1.215075
5752,5.201079
5753,4.489611
5754,0.658344
5755,0.831333
5756,5.048106
5757,0.977036
5758,2.955182
5759,1.970048
5760,0.616125
5761,0.615377
5762,3.731824
5763,3.583004
5764,2.551697
5765,3.992529
5766,3.090040
5767,3.793737
5768,0.627514
5769,0.772700
5770,1.421127
5771,0.602062
5772,2.231169
5773,3.045504
5774,2.127908
5775,2.059357
5776,2.674777
5777,3.996993
5778,4.425502
5779,1.532295
5780,3.720456
5781,3.657474
5782,0.647158
5783,1.012629
5784,4.935773
5785,1.692897
5786,1.920834
5787,4.151022
5788,1.893091
5789,3.948833
5790,2.682427
5791,5.207728
5792,3.261604
5793,4.274338
5794,3.470136
5795,1.585161
5796,4.788005
5797,3.632508
5798,5.144450
5799,1.451570
5800,1.266176
5801,3.138363
5802,1.799190
5803,0.596078
5804,3.247017
5805,3.904812
5806,3.652899
5807,2.202815
5808,3.026993
5809,0.628097
5810,3.572148
5811,1.965619
5812,1.159765
5813,4.686110
5814,2.711428
5815,2.442762
5816,0.760929
5817,1.283119
5818,4.322711
5819,0.868739
5820,2.561487
5821,4.061850
5822,1.784842
5823,1.281971
5824,1.537530
5825,5.133216
5826,2.139737
5827,2.438912
5828,5.028189
5829,0.675771
5830,3.527291
5831,0.754367
5832,1.338861
5833,3.161434
5834,3.731532
5835,1.932948
5836,4.180391
5837,4.205511
5838,4.519684
5839,4.931102
5840,2.228425
5841,0.674041
5842,3.605653
5843,3.201418
5844,3.401175
5845,1.871333
5846,2.601427
5847,4.548534
5848,1.482586
5849,0.705282
5850,0.849081
5851,2.901523
5852,4.095476
5853,4.837113
5854,1.883187
5855,1.462140
5856,3.142121
5857,1.757544
5858,1.065183
5859,3.438533
5860,0.548705
5861,3.411911
5862,1.839974
5863,5.010794
5864,2.984960
5865,2.098481
5866,3.762134
5867,1.581491
5868,4.957524
5869,2.551019
5870,4.694951
5871,1.876975
5872,4.472816
5873,3.905775
5874,2.733813
5875,2.668238
5876,0.948794
5877,2.362538
5878,1.395187
5879,4.085694
5880,2.570405
5881,4.243227
5882,1.180380
5883,2.512503
5884,0.586532
5885,4.726615
5886,1.948419
5887,1.076879
5888,1.522752
5889,1.336249
5890,2.506402
5891,1.126503
5892,0.725794
5893,3.266781
5894,3.668982
5895,4.868548
5896,3.260913
5897,1.950018
5898,0.908131
5899,1.872018
5900,4.353835
5901,0.814783
5902,2.189105
5903,3.848919
5904,4.889276
5905,4.133294
5906,2.617951
5907,1.409616
5908,0.628730
5909,1.237599
5910,4.401145
5911,3.063714
5912,1.710532
5913,0.728711
5914,4.734739
5915,0.728195
5916,1.588767
5917,1.041548
5918,4.671292
5919,3.461514
5920,1.899221
5921,2.018537
5922,2.009312
5923,0.508734
5924,4.085632
5925,4.753155
5926,2.747455
5927,2.244872
5928,2.728382
5929,1.962123
5930,0.780485
5931,3.342921
5932,2.523712
5933,1.086692
5934,1.168609
5935,1.388955
5936,0.666631
5937,1.812630
5938,4.788024
5939,2.822130
5940,2.606652
5941,3.378002
5942,0.480290
5943,2.469289
5944,4.595857
5945,2.548354
5946,3.300303
5947,3.912197
5948,4.689714
5949,1.727859
5950,3.920369
5951,2.386615
5952,3.669612
5953,0.908982
5954,4.130260
5955,4.442298
5956,1.321876
5957,1.307736
5958,1.538451
5959,1.515488
5960,1.688798
5961,0.570430
5962,0.990111
5963,2.166069
5964,0.959743
5965,4.735122
5966,3.149914
5967,1.997337
5968,3.610556
5969,0.961017
5970,1.956246
5971,1.350513
5972,4.364736
5973,2.001396
5974,4.697536
5975,0.557205
5976,0.873676
5977,2.832299
5978,2.869374
5979,4.618872
5980,4.692799
5981,2.053950
5982,3.562850
5983,2.020062
5984,4.726619
5985,1.054335
5986,4.417920
5987,2.587059
5988,4.198047
5989,2.217274
5990,3.890821
5991,4.112548
5992,2.136853
5993,1.416722
5994,1.645743
5995,1.414285
5996,1.448426
5997,0.608623
5998,2.645381
5999,1.673148
6000,0.353513
6001,3.473551
6002,2.402592
6003,2.538637
6004,2.708150
6005,0.684765
6006,1.633700
6007,4.568882
6008,0.691125
6009,2.043324
6010,3.971353
6011,4.626394
6012,2.251553
6013,1.428456
6014,3.382789
6015,2.167293
6016,1.009023
6017,0.421964
6018,2.968332
6019,4.369205
6020,1.682928
6021,1.733508
6022,1.400734
6023,3.572291
6024,1.762717
6025,1.381111
6026,2.050141
6027,2.142328
6028,1.133840
6029,3.802661
6030,0.758444
6031,3.141774
6032,2.619023
6033,4.048891
6034,3.863213
6035,4.724880
6036,1.651952
6037,0.764187
6038,4.459247
6039,1.759910
6040,4.739965
6041,1.591309
6042,2.069168
6043,1.704174
6044,2.814763
6045,4.117108
6046,4.561770
6047,0.500452
6048,2.167571
6049,1.514760
6050,0.766618
6051,3.725450
6052,3.605588
6053,4.355902
6054,2.313555
6055,4.300514
6056,2.366662
6057,2.582859
6058,0.421271
6059,2.475038
6060,2.665511
6061,3.702435
6062,3.493172
6063,1.895195
6064,1.012205
6065,3.039442
6066,1.572652
6067,1.065083
6068,4.620012
6069,1.797411
6070,1.318252
6071,0.985083
6072,4.159321
6073,2.091985
6074,3.425334
6075,1.684832
6076,0.645771
6077,4.669867
6078,4.392017
6079,2.051699
6080,1.550823
6081,1.753410
6082,1.312810
6083,1.618918
6084,4.522511
6085,0.716355
6086,1.828476
6087,1.570932
6088,1.195372
6089,0.251806
6090,2.084752
6091,3.116488
6092,4.008634
6093,4.010408
6094,1.565273
6095,4.739764
6096,1.464404
6097,2.457749
6098,0.648860
6099,3.645513
6100,3.333319
6101,3.020854
6102,2.197400
6103,2.803867
6104,1.730639
6105,0.300206
6106,1.936016
6107,0.786661
6108,4.492534
6109,2.258970
6110,2.618864
6111,3.843177
6112,1.706196
6113,1.631327
6114,2.485800
6115,0.780625
6116,4.094937
6117,4.763386
6118,2.341732
6119,1.681424
6120,1.228119
6121,4.410860
6122,4.235640
6123,0.819766
6124,3.628589
6125,3.742869
6126,2.108543
6127,1.871498
6128,0.434258
6129,0.944806
6130,1.615817
6131,2.917357
6132,3.230530
6133,4.637217
6134,0.526127
6135,1.917955
6136,3.436966
6137,2.416683
6138,2.122065
6139,1.415601
6140,1.583052
6141,4.682959
6142,1.708638
6143,1.740896
6144,1.672270
6145,1.744063
6146,1.449324
6147,1.388493
6148,4.297428
6149,2.257739
6150,0.787551
6151,1.269351
6152,3.105758
6153,1.104740
6154,2.935793
6155,2.255046
6156,0.738351
6157,4.068224
6158,1.967239
6159,2.484598
6160,4.482825
6161,2.760779
6162,4.587565
6163,0.279020
6164,2.032090
6165,3.230186
6166,1.747044
6167,2.483419
6168,1.230355
6169,2.254664
6170,3.680820
6171,1.628190
6172,0.970097
6173,4.734687
6174,2.281272
6175,1.762504
6176,0.600219
6177,2.100980
6178,1.794769
6179,4.751354
6180,1.906886
6181,3.954103
6182,1.104216
6183,3.860657
6184,4.378723
6185,3.706666
6186,1.786567
6187,0.357045
6188,4.224804
6189,1.813509
6190,1.033590
6191,3.373422
6192,1.672510
6193,1.527397
6194,3.311355
6195,1.660702
6196,0.902077
6197,0.887170
6198,1.407578
6199,4.619024
6200,1.364480
6201,1.783958
6202,2.801347
6203,1.782838
6204,2.142791
6205,0.701451
6206,0.874483
6207,1.597552
6208,1.504437
6209,2.193340
6210,2.245072
6211,1.992938
6212,1.757447
6213,4.232305
6214,0.651773
6215,2.224158
6216,3.020309
6217,0.437159
6218,2.988685
6219,4.647228
6220,2.562286
6221,3.978855
6222,4.677924
6223,1.851061
6224,3.506844
6225,1.786044
6226,4.518040
6227,2.108880
6228,2.399781
6229,2.192244
6230,4.362709
6231,1.041500
6232,2.028615
6233,0.375919
6234,0.949098
6235,0.929652
6236,1.628072
6237,3.517746
6238,1.288921
6239,1.640994
6240,4.644752
6241,1.785315
6242,1.692710
6243,2.038023
6244,3.676056
6245,1.325879
6246,1.517938
6247,4.248106
6248,1.842632
6249,1.353289
6250,3.780356
6251,1.836696
6252,1.114049
6253,4.075461
6254,1.726093
6255,1.164129
6256,2.036116
6257,0.609546
6258,1.728895
6259,4.507674
6260,0.933846
6261,3.189868
6262,3.114439
6263,1.630885
6264,1.745827
6265,0.495381
6266,4.515369
6267,2.702318
6268,1.959872
6269,2.121614
6270,0.715052
6271,1.570485
6272,3.397692
6273,2.243639
6274,1.989911
6275,4.535006
6276,2.471856
6277,1.844614
6278,1.673452
6279,1.551779
6280,3.777538
6281,1.921206
6282,3.337558
6283,1.505578
6284,1.482318
6285,4.319671
6286,2.750547
6287,1.886728
6288,4.015868
6289,0.902553
6290,1.877497
6291,1.740770
6292,0.897990
6293,1.371463
6294,1.170210
6295,1.332858
6296,0.941710
6297,0.685816
6298,3.466693
6299,0.975263
6300,4.243166
6301,1.774535
6302,1.092755
6303,1.535279
6304,1.719115
6305,1.673811
6306,0.510254
6307,1.964005
6308,4.384567
6309,1.790620
6310,1.352125
6311,0.777993
6312,4.010495
6313,1.347686
6314,0.463883
6315,2.885800
6316,0.963686
6317,4.307165
6318,3.834995
6319,1.623920
6320,3.651676
6321,1.947122
6322,1.547108
6323,1.962891
6324,3.123657
6325,1.647175
6326,1.547614
6327,1.486533
6328,1.907779
6329,1.903688
6330,4.264774
6331,2.949359
6332,1.747955
6333,2.351588
6334,1.256702
6335,1.129229
6336,1.514083
6337,0.611822
6338,4.236205
6339,1.500231
6340,3.281410
6341,1.077500
6342,1.476661
6343,2.282071
6344,1.619205
6345,0.629545
6346,3.503361
6347,1.728869
6348,1.597291
6349,1.557362
6350,4.000218
6351,2.570064
6352,1.508811
6353,1.547920
6354,3.849339
6355,1.256039
6356,1.040867
6357,1.515186
6358,2.503018
6359,1.920204
6360,2.070204
6361,1.644585
6362,0.736830
6363,3.180059
6364,4.030360
6365,3.995814
6366,0.502004
6367,1.482118
6368,1.077387
6369,1.120450
6370,0.875760
6371,1.539527
6372,2.754765
6373,1.527146
6374,3.708160
6375,4.009340
6376,1.483307
6377,1.752558
6378,3.546564
6379,1.457677
6380,1.483844
6381,0.679683
6382,1.967593
6383,1.093507
6384,3.525006
6385,1.973850
6386,1.771713
6387,1.269888
6388,1.842707
6389,0.814886
6390,1.660913
6391,2.268993
6392,0.990483
6393,1.515170
6394,0.484956
6395,1.516367
6396,3.906274
6397,1.427171
6398,1.441493
6399,1.430303
6400,2.742254
6401,1.425402
6402,1.392921
6403,1.417980
6404,3.816571
6405,1.403696
6406,3.190503
6407,3.126167
6408,3.698414
6409,1.208273
6410,1.437599
6411,1.996289
6412,3.606389
6413,0.517090
6414,2.818243
6415,1.253640
6416,1.160801
6417,3.282844
6418,3.613385
6419,0.726187
6420,1.140879
6421,1.399851
6422,0.434330
6423,1.834578
6424,1.417202
6425,2.235935
6426,1.381521
6427,1.426662
6428,1.882161
6429,3.646798
6430,2.384806
6431,1.410546
6432,3.305201
6433,0.747001
6434,1.229367
6435,1.425398
6436,1.712927
6437,1.164144
6438,3.476505
6439,1.990892
6440,1.226675
6441,1.964718
6442,1.003425
6443,1.696678
6444,1.244307
6445,1.341038
6446,1.360168
6447,1.178914
6448,1.557017
6449,3.318195
6450,1.385543
6451,0.601589
6452,1.373660
6453,1.355537
6454,1.399896
6455,2.995145
6456,2.731970
6457,1.366901
6458,3.406014
6459,1.386117
6460,1.733341
6461,1.189478
6462,0.879868
6463,2.876936
6464,1.195562
6465,2.561543
6466,3.292072
6467,1.378544
6468,0.476560
6469,3.157186
6470,1.335347
6471,1.814247
6472,3.090527
6473,1.374467
6474,2.366609
6475,1.232067
6476,3.289153
6477,1.746737
6478,1.760741
6479,1.148450
6480,3.257785
6481,1.334653
6482,1.896243
6483,1.124574
6484,1.318575
6485,2.081562
6486,1.297743
6487,1.342552
6488,1.643220
6489,1.979951
6490,2.370789
6491,0.358074
6492,1.186875
6493,2.691858
6494,0.828086
6495,1.431631
6496,1.686568
6497,1.319830
6498,2.907116
6499,0.315725
6500,1.164814
6501,2.871076
6502,1.331697
6503,1.478461
6504,1.706382
6505,1.424109
6506,2.914534
6507,2.026301
6508,0.699397
6509,1.081385
6510,3.056235
6511,1.216343
6512,1.126803
6513,2.584716
6514,1.219702
6515,1.286412
6516,2.244929
6517,1.723995
6518,1.623642
6519,1.208820
6520,1.292565
6521,2.917408
6522,1.202418
6523,1.558930
6524,2.559083
6525,1.472904
6526,1.185777
6527,2.464036
6528,2.005486
6529,0.511252
6530,1.249560
6531,1.239321
6532,1.258366
6533,1.356296
6534,0.878958
6535,1.201161
6536,1.619491
6537,2.945001
6538,2.052326
6539,1.114925
6540,1.249337
6541,0.538725
6542,1.708398
6543,1.709881
6544,2.834812
6545,1.508737
6546,1.212057
6547,1.683618
6548,2.588089
6549,2.014102
6550,1.497523
6551,2.120514
6552,0.317032
6553,2.435962
6554,1.271780
6555,1.099123
6556,1.051443
6557,1.551748
6558,1.484449
6559,2.703521
6560,1.149096
6561,1.145250
6562,0.179209
6563,1.100614
6564,2.773488
6565,1.081584
6566,0.925488
6567,1.711734
6568,1.548400
6569,1.485818
6570,1.097712
6571,2.539755
6572,1.148496
6573,1.087205
6574,1.995919
6575,2.044882
6576,1.576491
6577,0.486543
6578,1.272584
6579,1.491835
6580,1.507421
6581,1.128983
6582,2.589395
6583,1.143165
6584,1.214766
6585,1.654739
6586,1.170012
6587,1.639225
6588,2.315789
6589,1.067097
6590,1.143081
6591,1.323324
6592,0.242569
6593,1.423199
6594,1.073436
6595,0.732123
6596,2.110204
6597,1.357778
6598,2.576827
6599,1.568010
6600,1.458581
6601,1.093838
6602,1.150664
6603,0.418429
6604,1.115232
6605,1.777916
6606,2.255588
6607,0.661247
6608,1.652706
6609,1.504742
6610,1.101731
6611,2.517660
6612,1.179684
6613,1.178955
6614,1.045705
6615,1.613378
6616,2.384671
6617,1.499760
6618,1.425658
6619,1.496611
6620,1.098199
6621,1.170713
6622,1.525014
6623,2.354681
6624,1.355094
6625,1.363929
6626,1.084139
6627,1.110884
6628,2.283079
6629,1.920972
6630,0.257194
6631,1.365235
6632,0.961094
6633,1.743974
6634,1.248542
6635,1.384997
6636,1.993095
6637,1.054945
6638,1.448614
6639,0.868457
6640,1.181485
6641,0.221102
6642,2.122328
6643,0.065270
6644,2.286345
6645,1.085181
6646,1.427600
6647,1.296166
6648,1.315015
6649,1.110061
6650,2.274601
6651,1.398377
6652,1.356923
6653,1.565933
6654,1.048589
6655,1.377320
6656,1.346117
6657,1.257492
6658,1.642652
6659,1.034328
6660,1.778236
6661,1.083324
6662,2.100818
6663,1.265178
6664,0.669800
6665,0.405538
6666,2.180205
6667,1.728528
6668,1.017544
6669,0.846799
6670,2.073308
6671,1.515914
6672,1.205333
6673,1.363002
6674,1.091746
6675,2.169148
6676,1.943828
6677,1.008656
6678,1.419531
6679,1.919401
6680,1.330734
6681,1.491040
6682,1.013195
6683,1.489214
6684,2.114651
6685,0.355070
6686,1.330893
6687,1.339272
6688,1.795780
6689,1.069363
6690,1.619010
6691,1.201339
6692,1.333931
6693,1.393837
6694,1.268459
6695,1.306478
6696,2.032942
6697,2.061055
6698,1.146460
6699,0.998735
6700,0.629253
6701,0.898513
6702,1.061461
6703,1.039192
6704,1.682416
6705,0.909883
6706,1.766052
6707,0.301482
6708,0.598449
6709,1.325083
6710,1.583105
6711,0.310700
6712,1.587951
6713,2.109241
6714,1.320147
6715,0.971370
6716,1.072423
6717,1.764074
6718,1.865366
6719,1.495537
6720,1.032764
6721,1.454352
6722,1.351084
6723,1.280139
6724,1.670907
6725,2.026660
6726,1.335011
6727,1.307408
6728,2.069166
6729,0.894526
6730,2.059162
6731,1.244300
6732,1.975849
6733,0.961580
6734,1.318076
6735,1.600719
6736,1.344113
6737,1.377671
6738,1.576604
6739,1.008695
6740,1.577434
6741,1.608030
6742,1.899337
6743,0.852302
6744,1.435396
6745,0.832843
6746,1.301975
6747,1.079914
6748,1.295666
6749,1.825165
6750,0.942264
6751,2.081274
6752,1.018984
6753,1.772960
6754,0.516267
6755,0.816780
6756,1.110442
6757,1.359359
6758,1.106250
6759,2.035576
6760,1.029058
6761,1.382822
6762,1.011486
6763,1.435704
6764,1.561194
6765,1.959456
6766,0.656451
6767,1.632114
6768,1.730772
6769,0.707836
6770,0.760940
6771,1.942853
6772,1.281303
6773,1.521030
6774,2.030835
6775,1.413842
6776,1.343115
6777,1.588703
6778,1.822909
6779,1.331540
6780,1.406542
6781,1.095033
6782,1.817539
6783,1.108773
6784,1.440919
6785,1.095984
6786,1.398009
6787,2.038057
6788,1.373049
6789,1.163367
6790,1.693730
6791,1.225646
6792,0.778205
6793,1.005933
6794,1.991366
6795,1.891070
6796,1.372933
6797,1.684732
6798,1.201846
6799,0.850578
6800,0.943762
6801,1.326567
6802,1.384516
6803,1.041475
6804,1.070094
6805,1.512926
6806,1.459391
6807,1.382378
6808,1.116425
6809,0.902623
6810,0.893232
6811,1.527825
6812,1.167258
6813,1.787711
6814,1.133179
6815,1.923675
6816,0.998724
6817,0.872145
6818,1.403059
6819,1.412726
6820,1.872649
6821,0.744008
6822,1.721127
6823,1.938661
6824,1.315325
6825,1.407438
6826,1.148108
6827,1.342246
6828,1.578842
6829,1.620387
6830,1.002844
6831,1.245213
6832,1.394566
6833,0.742571
6834,1.244570
6835,0.987921
6836,1.149288
6837,1.445808
6838,1.867335
6839,1.774575
6840,1.699424
6841,1.376377
6842,1.475811
6843,0.897207
6844,1.417400
6845,1.330200
6846,1.812468
6847,1.080715
6848,1.068131
6849,1.174166
6850,1.352775
6851,1.169518
6852,1.144297
6853,1.289657
6854,1.356351
6855,1.550172
6856,1.423798
6857,1.707735
6858,1.018858
6859,1.430313
6860,1.073017
6861,0.775854
6862,1.697733
6863,1.449810
6864,1.583257
6865,1.537351
6866,1.136480
6867,1.259197
6868,1.409384
6869,1.239264
6870,1.223825
6871,0.885642
6872,1.047672
6873,1.705676
6874,1.436143
6875,1.241576
6876,1.402257
6877,1.408631
6878,1.117670
6879,1.433515
6880,1.430918
6881,1.699476
6882,1.226533
6883,0.887197
6884,1.502389
6885,0.929403
6886,1.385768
6887,1.430139
6888,0.895305
6889,1.323149
6890,1.417448
6891,1.030358
6892,1.654950
6893,0.925071
6894,1.505577
6895,1.386076
6896,1.299896
6897,1.210694
6898,1.146582
6899,1.092912
6900,1.217004
6901,1.561835
6902,1.358796
6903,1.440795
6904,1.333720
6905,1.529149
6906,1.318813
6907,0.798515
6908,0.762490
6909,1.182129
6910,1.266342
6911,1.202385
6912,1.374745
6913,1.388540
6914,1.569031
6915,1.385873
6916,1.343541
6917,0.758315
6918,1.440060
6919,1.326344
6920,1.591815
6921,1.085094
6922,0.916079
6923,1.081288
6924,1.284665
6925,1.427036
6926,1.393900
6927,0.812161
6928,0.898379
6929,1.402067
6930,1.232366
6931,1.268092
6932,1.374819
6933,1.555843
6934,1.401291
6935,1.504781
6936,1.296035
6937,1.243923
6938,0.949872
6939,1.441867
6940,0.724249
6941,1.310506
6942,0.692874
6943,1.501102
6944,1.106105
6945,1.182741
6946,1.197268
6947,1.141644
6948,1.312234
6949,0.985749
6950,1.217374
6951,0.961460
6952,1.537473
6953,1.361388
6954,1.313051
6955,1.445486
6956,1.351459
6957,1.425792
6958,1.101085
6959,1.123427
6960,0.951469
6961,1.560902
6962,0.755454
6963,0.886093
6964,1.411837
6965,1.269102
6966,1.095770
6967,1.375891
6968,1.212889
6969,1.313836
6970,0.917351
6971,0.790644
6972,1.562369
6973,1.244963
6974,1.471921
6975,1.295228
6976,0.859903
6977,1.125780
6978,1.432966
6979,1.216413
6980,1.215945
6981,1.359283
6982,1.276218
6983,0.953754
6984,1.521904
6985,1.527936
6986,0.967618
6987,0.710857
6988,1.013603
6989,1.204124
6990,0.950860
6991,1.116668
6992,1.090301
6993,1.042916
6994,1.568455
6995,1.378590
6996,1.237227
6997,1.457333
6998,1.361086
6999,0.699964
7000,1.245472
7001,1.443008
7002,1.596630
7003,1.274849
7004,0.940606
7005,1.426731
7006,1.270322
7007,0.931398
7008,1.340613
7009,0.764924
7010,1.054055
7011,1.501074
7012,1.333942
7013,1.570131
7014,1.279177
7015,1.226335
7016,0.816320
7017,1.180266
7018,1.308314
7019,1.559992
7020,1.289446
7021,0.864006
7022,0.981056
7023,0.952011
7024,1.405660
7025,0.967643
7026,0.969245
7027,1.359073
7028,1.602648
7029,0.735214
7030,1.466880
7031,1.069653
7032,1.333793
7033,1.472411
7034,1.466574
7035,1.409034
7036,1.323885
7037,1.035642
7038,1.527105
7039,0.902403
7040,1.010852
7041,0.902184
7042,1.578611
7043,1.347159
7044,1.227576
7045,0.756304
7046,0.829512
7047,1.495040
7048,0.779183
7049,1.375553
7050,1.568537
7051,1.464998
7052,1.595403
7053,0.787341
7054,0.858388
7055,0.836186
7056,1.115715
7057,0.805657
7058,1.370683
7059,1.427421
7060,1.051413
7061,1.491526
7062,1.606238
7063,0.873907
7064,1.255139
7065,1.132806
7066,1.510597
7067,0.813206
7068,1.025604
7069,1.257127
7070,1.536531
7071,1.488790
7072,0.761990
7073,1.536438
7074,1.512079
7075,0.852805
7076,1.328123
7077,1.241169
7078,0.774064
7079,0.747654
7080,1.534270
7081,1.422404
7082,1.508622
7083,0.946267
7084,1.181414
7085,0.872189
7086,0.816624
7087,0.804059
7088,1.309988
7089,1.553218
7090,1.470085
7091,0.989417
7092,1.519356
7093,1.116508
7094,0.898478
7095,0.753394
7096,1.448569
7097,1.545059
7098,0.898724
7099,1.035670
7100,1.255436
7101,1.327551
7102,1.319745
7103,0.902863
7104,1.504658
7105,1.290787
7106,0.804469
7107,0.851020
7108,0.855373
7109,1.229617
7110,1.019262
7111,1.194236
7112,0.961245
7113,0.811270
7114,1.570536
7115,1.284126
7116,1.412757
7117,1.208993
7118,0.936042
7119,1.098510
7120,0.744810
7121,1.318336
7122,1.172401
7123,0.940300
7124,1.313709
7125,0.814879
7126,1.154159
7127,0.909557
7128,1.002818
7129,0.846894
7130,0.837199
7131,1.078357
7132,1.247397
7133,1.265499
7134,0.959770
7135,1.200128
7136,0.967935
7137,0.969694
7138,0.808133
7139,1.286232
7140,1.127091
7141,0.768378
7142,0.980442
7143,1.046142
7144,0.745196
7145,0.777179
7146,1.139790
7147,0.992558
7148,0.935591
7149,0.973740
7150,0.931752
7151,0.807431
7152,1.080894
7153,0.750027
7154,0.747196
7155,0.825505
7156,1.032096
7157,0.990000
7158,0.936457
7159,0.856189
